word,weight
sentuh,-1
anjem,5
jemput,5
nelangsa,-3
remuk redam,-5
jastip,5
segan,-2
gemar,-1
segan,-1
sesal,-4
hayat,-2
absorpsi,-1
linu,-4
kamar,4
oper,1
antar,4
salah benang,-1
sakit,-5
siput,-4
lara,-5
zuhud,-1
cedera,-4
ingkar,-4
maaf,-3
khianat,-4
celaka,-5
tidak,-2
borong,-1
lever,-2
kasihan,-3
tidak mau,-4
saja,-1
pulas,-1
abis,-2
coba,-1
kangen,-3
mau,-1
anda,-1
mari,-1
benar,-1
yaudah,-4
tidak,-3
tidak tahu,-1
bahak,-2
atuh,-1
tarik hati,-1
cedayam,-2
kece,-3
makan,-1
belum,-1
malam,1
cekau,-2
duga,-1
suara,-1
prediksi,-1
bunyi,-1
terka,-1
taksir,-1
antisipasi,-1
nang,-5
rompok,-2
griya,-1
gubuk,-2
anjir,-3
putus jiwa,-5
dari dunia,-5
putus nyawa,-5
buang nyawa,-5
hilang hayat,-4
putus nafas,-4
kojor,-3
putih tulang,-2
buntu,-3
kalang tanah,-2
koit,-5
putus usia,-3
buntet,-2
tamat riwayat,-3
tamat riwayat,-3
hilang nyawa,-5
males,-4
asih,-1
kasih sayang,-1
kagum,-1
dendam berahi,-4
rindu,-3
afeksi,-2
cinta kasih,-1
renjana,-2
pagina,-2
tresna,-1
filantropi,-1
cintrong,-1
cetus,-1
rintis,-2
kronologi,-1
jalan buntu,-4
rintis,-2
jalan bebas hambat,-1
purwa,-2
umur,-3
bangkot,-4
sepuh,-3
usia,-3
lepra,-5
bau tanah,-4
umur,-2
purba,-3
gaco,-2
tambat hati,-2
malam,-1
tayib,-1
tayibah,-1
necis,-1
estetis,-1
baper,-4
perfek,-1
tolong,-2
sayid,-1
radang,-4
didih,-4
ngantuk,-2
sirap hati,-2
rampang,-2
hati,-4
telinga merah,-3
sirap hati,-2
merah telinga,-3
mencak mencak,-5
tidak ada,-3
manjur,-1
mujarab,-1
beber,-2
singkap,-3
tangkis,-3
mending,-3
akibat,-3
satir,-2
nyanyi,-2
sibuk,-2
gara,-4
sedikit,-4
ilang,-5
kepeng,-2
bodo,-5
air,-1
suri,-1
ihh,-5
asasi,-3
nenes,-2
tumpu,-3
fondasi,-3
beliin,-1
sekam,-3
maafin,-3
mahir,-1
galak panas manasi,-3
marah,-5
ampun,-3
balik akal,-4
masuk akal,-4
ganggu jiwa,-4
majenun,-2
gelo,-2
gila gila,-4
kalap,-3
sedeng,-2
ubah akal,-2
seram,-5
sakit jiwa,-4
gendeng,-2
ubah ingat,-3
sinting,-5
gila,-4
sakit ingat,-4
sesat akal,-2
duh,-4
memang,-1
hujan,-2
aduh,-3
cerita khayal,-2
typo,-2
langkah,-1
isap jempol,-3
engah,-4
mafhum,-1
fiksi,-2
omong kosong,-4
balas,-3
profit,-1
waris,-2
selisih,-4
senjang,-4
bareng,-3
ekstasi,-3
lapar,-3
bandel,-5
ngaku,-3
telat,-5
kopong,-4
ngerti,-1
dunia,-2
nol,-3
cari,-2
sorry,-4
ana,-3
bastar,-2
tega,-5
denyut,-3
kayak,-3
sibuk,-3
ringan tangan,-1
gelora,-2
energik,-1
bara,-3
kobar kobar,-2
nyala,-2
mentolo,-2
hati,-2
sungguh sungguh,-1
tren,-2
sembur,-3
imbas,-4
alir udara,-1
lesit,-1
rahayu,-2
gusar,-3
curat,-1
parah,-5
topan,-3
tembis,-3
damprat,-4
suak,-2
bongsor,-2
bias,-2
rajam,-4
rantus,-3
gentas,-2
tidak usah,2
tanya,-1
lelah,-3
bosan,-4
susah hati,-5
kabung,-5
receh,-4
muram durja,-5
lara lara,-4
senang,-1
sungkawa,-3
susah,-5
peluk,-3
bunuh diri,-5
bunuh,-5
menep,-3
obsesi,-2
dekap,-2
tidak usah,-4
sengsara,-5
buru buru,-3
kencang,-3
kilat,-2
akas,-2
dahulu,-1
adang,-3
suruh,-2
terampil,-3
pesat,-2
sebat,-3
sput,-2
filsafat,-3
dogma,-3
imut,-1
doktrin,-3
lapar,-5
dominan,-2
masif,-3
lihat,-2
keras tulang,-2
tangguh,-2
keseser,-4
maksa,-5
tanduk,-2
luput,-3
jaman,-2
geliat,-3
tumpas,-4
keok,-2
cecer,-3
bangan,-3
pengaruh,-2
lipur,-2
bedegap,-2
lengan,-2
gelibat,-2
suka cita,-1
pacar,-3
semangat,-1
bahagia,-1
desir,-2
suntuk,-4
adik,-1
block,-4
pening,-3
apa,-3
kliyengan,-4
pusing,-4
jenguk,-2
aku,-1
runyam,-5
luyu,-1
mikir,-3
elusif,-2
bohong,-4
tandang,-2
kasihan,-3
sayu,-3
cenderung,-2
selit belit,-3
preseden,-2
miss,-4
kesal,-5
intensif,-4
maaf,-3
maaf,-3
kalem,-2
rantai,-3
pintar,-1
mesti,-3
serang,-4
benak kepala,-3
otak,-3
daya pikir,-2
wajib,-2
dedengkot,-2
tagih,-3
bogem mentah,-5
gila,-3
coret,-1
benar,-1
halah,-5
alay,-4
gergaji,-1
masuk,4
bayar,-3
tukang,-2
potong,-3
bayar,-3
curhat,-3
susup,-2
pakar,-1
kawaei,-2
babar,-2
jatuh,-3
runtuh,-5
perenyak,-4
gentar,-4
pailit,-5
singkir,-5
lorot,-4
tetes,-3
roboh,-5
cebur,-5
biak,-3
jeblos,-4
gelincir,-3
rebah,-3
sesal,-5
biasin,-3
terjun,-3
rusuh,-4
dapat,-2
tangkap tangan,-4
pelanting,-3
lubang,-3
cemplung,-4
jeblos,-4
diam,-3
pergok,-5
kayak,-2
banting,-3
tangkap basah,-3
babar,-1
terjerembab,-2
luruh,-2
gelincir,-3
buang,-2
macet,-4
gogrok,-3
jelabak,-3
sembul,-3
capai,-4
cuat,-3
unjuk,-3
songsong,-2
balik,-2
sekutu,-3
kekang,-4
elu,-2
asa,-2
temenan,-2
purnama,-3
ekstrem,-4
dahulu,-1
inklusif,-2
baca,-1
revolusioner,-1
asak,-3
lelang,-3
mula,-3
radikal,-4
jejal,-3
begah,-2
telak,-3
telik,-2
hati hati,-3
jaga jaga,-3
entah,-3
tajam mata,-1
kelih,-3
please,-3
tae,-4
awas,-3
tidak boleh,-4
dengar,-3
suruh,-2
waspada,-3
pelit,-5
kial,-4
temu,-2
kroni,-3
bot,-2
cute,-1
rekan,-2
wacana,-3
tengok,-2
subang,-1
komplot,-4
giwang,-1
lendeh,-3
simpuh,-3
ogah,-3
gelesot,-3
tumpang tinggal,-4
kuliah,-2
semayam,-3
manja,-3
polos,-2
cokol,-4
cokol,-4
sia,-5
esok,-2
mana,-3
himpit,-4
tindas,-5
pilih,-2
kasih,-2
heboh,-3
pilih pilih,-3
sebal,-5
payudara,-3
man,-1
tetek,-4
onar,-5
buah dada,-3
biarin,-3
gempar,-4
dempet,-3
kesal,-5
bergas,-2
gadang,-4
kawal,-2
alam,-1
sadar,-1
dukacarita,-4
apasih,-4
gugah,-1
tindik,-3
drama duka,-4
pindah,-3
oma,-2
unduh;2
derita,-5
tugas,-1
asri,-3
borak,-4
pedih,-5
pulak,-2
sunduk,-3
rawat,-3
buyut,-3
tragedi,-5
kecek,-3
andal,-1
sial,-5
kismat,-2
daya muat,-2
amuk,-5
surat takdir,-3
malang,-5
geruh,-4
iya,-2
dikatain,-3
duluan,-2
pokok,-3
daya tampung,-2
daya serap,-2
nahas,-2
untung,-1
bahala,-3
gerhana,-2
sedi,-2
sengaja,-2
segitu,-3
php,-4
tendas,-4
anggur,-5
statis,-3
pasif,-3
batu,-2
hiatus,-2
stagnan,-3
bisu,-3
biar,-3
tidak suka,-4
lepas,-2
huhuhu,-2
bungkam,-4
kosong,-4
bajing,-5
hati,-2
diam,-3
tegun,-3
kaget,-3
cabe,-2
sugesti,-3
kuota,-2
lengang,-4
tengkulak,-5
campak,-4
syur,-3
sanggama,-2
sepi,-3
naon,-2
teduh,-2
patung,-3
keluar,-3
maaf,-3
tutup mulut,-3
peranjat,-3
lanyak,-3
hina,-5
lancar,-2
nista,-5
leave,-3
licin,-2
murah,-2
spam,-3
mentang,-3
ingin tahu,-3
tobat,-2
mentang mentang,-4
ringan,-1
astagfirullah,-4
mudah,-1
titip api,-1
cebik,-3
fokus,-2
tahan,-2
resistan,-2
enteng,-2
astaga,-4
maapin,-4
berat tangan,-4
berat hati,-4
lembam,-4
macem,-2
realitas,-3
alpa,-3
yauda,-4
gigit,-2
ihhh,-4
orang,-2
berat pinggul,-2
pilih,-2
kerubut,-3
sebab,-3
kempes,-4
bye,-3
kerubung,-3
tuntun,-2
tau,-4
serah,-3
wabah,-5
uar uar,-3
wara wara,-3
keroyok,-4
istirahat,-2
tidak jadi,-3
diri,-1
ati,-1
cinta,-3
rasa,-2
jelus,-2
timbal,-2
dajal,-5
artistik,-2
mukhlis,-2
tentang,-2
mbeling,-2
ramai,-2
iri,-4
ngeselin,-5
ngatain,-5
ganjar,-5
junjung,-2
imut imut,-1
seruh,-2
lurus hati,-1
lari lari,-2
senyum,-1
seringai,-4
ganjar,-3
panas hati,-5
keki,-4
jail,-4
lambat,-5
sayang,-3
hukum,-3
sayang,-3
balas,-3
gemes,-2
sukarela,-2
kebiri,-4
prasangka,-3
pahala,-1
pemuda,-1
mohon,-2
henti,-3
erang,-4
manah,-2
mabok,-4
panggil,-1
malas gerak,-4
peduli,-2
hitam,-4
rip,-5
bandung,-1
haih,-4
muda,-2
tuhkan,-4
dua,-3
regenerasi,-2
gubris,-2
indah,-2
rumit,-4
master,-1
iri,-5
hati,-1
tanggung,-4
diapain,-3
pelita,-2
nyali,-2
tangan panas,-4
rugi,-5
nyali,-1
tinggal,-4
kerja,-2
puntung,-3
percaya,-1
pikir,-2
merah,-3
nyali,-2
nekat,-4
njir,-3
paksa,-4
baiat,-3
satria,-1
masak,-2
labil,-4
goreng,-2
antipati,-3
kontradiksi,-3
apa,-2
tinggal,-4
teman,-3
kerumit,-5
khilaf,-4
nihh,-3
selidik,-3
wajib,-2
lagi,-3
negasi,-2
meh,-5
kota,-1
varian,-2
semi,-2
keruh,-4
colong,-5
kusut,-4
rudapaksa,-4
telaah,-2
ruwet,-4
sedih,-5
teledor,-5
hati,-2
kot,-1
serah,-3
lanjur,-3
cakap,-1
geleng geleng,-3
tidak,-3
cengang,-2
menung,-3
cengang,-3
cinta,-1
sesal,-4
lumayan,-2
mata,-2
duka,-5
atraktif,-2
pamer,-3
pucat,-4
pesona,-1
banjir,-4
takjub,-1
terpana,-2
bah,-3
kesima,-1
takjub,-1
pukau,-1
impas,-3
takjub,-1
bandang,-4
pukau,-1
tiada,-5
rasisme,-5
pesona,-1
sirik,-5
heran,-3
sesal,-4
tidak pernah,-3
rapi,-2
penasaran,-3
tulus hati,-1
beton,-2
tunggu,-3
umpan,-3
cadas,-3
lembek,-4
hih,-4
tutup,-3
korban,-4
kurban,-3
sikit,-3
awal,-2
peduli,-1
bongkah,-2
bodoamat,-4
rela,-3
dengkik,-4
takda,-2
obat,-3
tetua,-2
error,-5
anugerah,-1
dongeng,-1
jir,-3
impoten,-5
kiri,-3
perih,-4
babi,-4
habitat,-2
kenang kenang,-2
reka,-2
memejahijaukan,-4
sembah,-2
tangguh,-2
sudah,-2
gebetan,-2
jutek,-5
ajal,-4
aku,-3
gerombol,-4
ora,-3
gatal,-3
tajam,-2
curu,-3
nongkrong,1
nongol,-2
barzakh,-4
sidang,-3
pantes,-3
ngalah,-3
jabat,-3
ganjil,-4
ketidaktentuan,-5
jarak,-3
sad,-4
comeback,-2
udahan,-4
ugh,-4
acuh acuh,-3
next,-2
tutup,-3
jenguk,-4
cuek,-5
sangkut paut,-4
sayup,-3
ish,-4
doh,-4
pantat,-3
tebal telinga,-3
aneh,-4
korek ngorek,-4
diet,-3
syedih,-5
lugu,-2
interaksi,-2
berhala,-4
sudah,-3
iih,-5
tahi,-5
kemaknagandaan,-3
bodoh,-4
final,-2
dimarahin,-5
suruh,-3
dibales,-3
sangkut,-4
kampret,-5
istirahat,-2
jin,-3
pikir,-3
murtad,-5
mogok,-5
setan,-4
nyebut,-3
piye,-3
gusur,-5
drastis,-4
pojok,-4
cengang,-3
tunggu,-2
demon,-3
durhaka,-5
super,-2
kesal,-5
iblis,-4
baperan,-4
ikut,-2
sebentar,-2
sebelah,2
keri,-4
hantu,-4
makhluk halus,-4
got,-3
diam,-3
bunuh,-5
siluman,-5
tumpah hati,-3
jasa titip,3
larutan,2
momok,-4
tengkar,-4
mangkas,-2
bain,-2
sundal bolong,-5
tahan,-3
sian,-3
jahil,-4
singgah,-2
sekongkol,-4
life,-2
bidah,-3
tantang,-4
selingkuh,-5
getar,-3
bohong,-5
classy,-2
peristiwa,-2
lumat,-4
insiden,-4
oon,-5
orok,-3
selingkuh,-5
tunggu,-2
bijih,-3
pelosot,-3
remuk,-4
keburu,-3
gadai,-3
runtuh,-4
anjing,-4
naena,-2
jabang bayi,-3
binasa,-5
dalih,-4
why,-2
modus,-3
aduh,-3
cuti,-2
bobrok,-5
tidurin,-2
cariin,-2
kandut,-3
dengung,-3
bakar,-3
ganyang,-4
rusak,-4
selusur,-3
konspirasi,-4
kurus,-3
berantak,-4
bully,-5
komplot,-4
jadi,-2
bicara,-3
stalk,-4
runtuh,-4
jeriji,-4
pasuk,-3
sange,-5
kongkalikong,-4
serong,-4
maki,-5
cemong,-4
kerasan,-2
kurang,-3
lilit,-3
hina,-5
hina,-5
kurung,-3
kecil,-3
cemooh,-5
malu,-4
umpat,-4
abai,-3
cemooh,-5
merem,-2
lock,-2
leceh,-5
lemah,-4
ngilang,-3
kerak,-2
daif,-3
hina aib,-4
kontras,-3
ejek,-4
perang,-3
rundung,-4
marahin,-4
kelakar,-4
sakit,-5
sepele,-4
pahit,-4
ngertiin,-3
cabul,-5
jijik,-5
tuak,-3
tauu,-3
beda,-2
hina rendah,-3
nista,-4
buruk,-5
kroco,-4
cela,-5
sindir,-4
busuk,-5
kumuh,-4
singgung,-5
besit,-2
cengkerama,-2
cumbu cumbu,-3
cemeeh,-4
noda,-4
bejat,-5
cibir,-5
biar,-3
malu,-4
olok olok,-4
sakit,-5
benci,-5
ulah,-4
keji,-5
gampang,-3
gausa,-3
bobrok,-4
sebal,-4
main main,-2
cumbu,-3
cerca,-4
daif,-4
ldr,-2
menang,-5
genit,-3
erik,-3
lemas,-3
jahad,-4
taraf,-2
monyet,-3
astaghfirullah,-3
letih,-3
tidur,-3
gapaham,-4
capai,-4
punah,-4
lesu,-4
tinggal,-3
apas,-3
mampus,-5
keramat,-3
campur aduk,-2
ricuh,-4
soms,-4
stress,-5
kemayu,-3
cangkum,-3
lama,-2
diginiin,-3
sihh,-2
yakali,-3
sakral,-2
ngenes,-4
tendensi,-3
kalut,-3
mati,-5
lenguh,-4
jahanam,-5
gangerti,-3
gegara,-3
godain,-3
idiot,-5
ambigu,-3
utang,-4
sial,-5
centil,-3
bacot,-4
malas,-4
sunyi,-3
balik,-3
amoral,-3
bekas,-3
anti,-2
gabole,-2
simpan,-3
ganggu,-4
sentimen,-3
perang,-4
santun,-2
rela,-2
mulut,-1
boro,-2
kasam,-3
pencet,-2
bantet,-3
sin,-1
kesumat,-4
bokek,-5
muncikari,-5
tip,-3
asusila,-5
stop,-3
ciut,-3
bengkak hati,-3
kosong,-3
dendam,-5
tidak enak,-3
susah,-3
mucikari,-5
maapkan,-3
vulgar,-3
ndut,-4
turun,-3
hilang,-4
kecoa,-3
pokok,-2
begitu,-3
ratap,-3
sepi,-4
pesan,-3
gelanggang,-3
salah,-4
kampit,-1
tunggu,-2
dengu,-3
gaje,-3
sakit,-4
senjang,-4
cedih,-3
jauh,-4
jijik,-5
putus,-5
sakit,-5
ngadu,-3
najis,-4
kesal,-5
ego,-3
geli,-2
maklum,-2
kambing,-3
diblock,-4
crash,-4
sampah,-4
maruk,-3
rangsang,-3
abai,-2
tinggal,-4
otak,-2
erti,-2
renggang,-3
tewas,-5
amarah,-5
radang,-4
melek,-2
kenal,-2
buang,-4
sangka,-3
dilupain,-4
kebo,-4
nyasar,-4
ungkap,-3
bocor,-4
ekspos,-4
usai,-2
pensiun,-3
dibully,-5
kontol,-5
mimpiin,-2
susila,-2
begadang,-3
eks,-3
mudarat,-5
delete,-3
cerewet,-5
berahi,-5
patah,-4
jerawat,-3
bawel,-4
pudar,-3
tega,-4
hilang,-3
hambur,-3
rongsok,-3
gairah,-2
asih,-2
mencret,-4
makan,-3
iluminasi,-3
selingkuh,-5
jones,-3
bicara,-3
hapus,-3
mantan,-3
iseng,-3
zakar,-3
air liur,-2
berengsek,-5
laporin,-3
leceh,-5
henti,-3
syahwat,-2
tinggi,-2
penat,-2
nyinyir,-4
cerai berai,-5
igau,-3
kenapasih,-3
sesak,-4
rahasia,-2
anjay,-3
sumbat,-3
letih,-3
ucek,-3
lelah,-3
gila,-5
tamat,-4
singkap,-3
konco,-3
balesnya,-2
pantas,-2
erotis,-4
curi,-5
perkara,-4
kutuk,-5
hilang ingat,-4
anjur,-2
bersitegang,-4
buah bibir,-2
teriak,-2
cegah,-2
rem,-2
tiri,-2
kerut merut,-3
rabies,-4
serapah,-4
diam,-3
tangkap,-3
emosi,-4
ria,-4
kutil,-4
teledor,-4
jarah,-4
jarak,-3
paksa,-4
relung,-2
heula,-2
atut,-2
pegang,-2
congkel,-4
keinget,-2
sumpah,-3
banding,-3
gempal,-2
hambat,-3
sakit,-4
asam,-2
aur,-3
traumatis,-4
pingsan,-3
latih,-2
ekang,-4
comot,-4
tembak tembak,-5
ngamen,-3
tenggelem,-3
genang,-2
derita,-5
kasihan,-3
nyamuk,-1
keras hati,-3
buang,-3
tunas,-2
bad,-4
tanggung,-2
gatal,-3
seram,-4
jleb,-3
otot,-4
pisah,-3
idih,-3
banding,-3
badung,-4
blokir,-3
perkutut,-3
ngeri,-4
egois,-5
kubang,-3
abg,-2
tinggi,-2
hama,-3
hambat,-4
digituin,-2
nyariin,-2
harap,-2
keluh,-4
sisa,-4
makan,-2
gelap,-4
bolong,-3
merinding,-3
rinding,-3
tembam,-4
sentuh,-2
kontaminasi,-4
hate,-5
dalam,-2
salah,-4
lembam,-3
tempik,-4
tendang,-3
habis,-3
desah,-3
cuekin,-3
pikun,-4
kelu,-3
tinggal,-3
miris,-4
primitif,-4
typonya,-3
buru,-3
rampok,-5
ringkus,-5
besar,-2
diketawain,-4
nyeri,-4
hack,-4
terminasi,-3
sedih,-5
henti,-4
lupa,-3
keluar,-3
dikangenin,-2
gapuk,-3
bendung,-3
nyerah,-3
rebut,-3
edan,-3
jerit,-3
rampas,-4
nabrak,-4
tilap,-4
pekik,-5
ngiler,-3
maghrib,-2
catut,-3
caplok,-3
rindu,-2
ramal,-2
ingat,-2
gempar,-2
bopong,-3
seksi,-3
addict,-3
fail,-5
endus,-3
pendek,-2
pindah,-3
duet,-2
guram,-2
usir,-4
tekan mental,-4
hiruk,-4
mewek,-5
trauma,-5
unmood,-3
bekap,-3
rasa,-2
ejek,-4
bajak,-4
pusing,-4
week,-4
goda,-3
gajih,-2
tinggi,-2
mohon,-2
bolos,-3
hiruk pikuk,-3
gugur,-3
olok olok,-5
engah,-3
mantan,-3
umbar,-3
kurang,-2
kabut,-3
layuh,-3
lain,-4
unfollow,-2
risiko,-3
dingin,-3
ancam,-4
batuk,-4
sembarang,-4
ngadepin,-2
dalang,-3
geger,-3
acau,-4
pinggul,-3
tidak biasa,-2
rusuh,-4
sindir,-3
redup,-3
kentut,-2
mainin,-2
musuh,-4
qada,-2
gabakal,-4
abu abu,-2
hoax,-5
emergensi,-4
muak,-5
mual,-5
buru,-4
acak acak,-5
close,-2
tegur,-3
susah,-5
ribut,-4
tbc,-3
shy,-3
cemas,-3
paranormal,-2
recok,-3
demo,-3
lost,-3
gangguin,-3
melankolis,-2
kabut,-2
kabur,-2
protes,-3
lupa,-3
usil,-3
jealous,-3
tular,-4
grogi,-4
keburu,-5
batuk kering,-3
pasrah,-2
,-3
ganggu,-4
sengal sengal,-4
kejut,-3
gelegak,-3
malapateka,-3
debar,-3
heboh,-3
bolos,-3
gede,-2
muram,-4
sotoy,-4
ampun,-2
derai,-3
nyalahin,-4
mafia,-5
sambat,-3
benci,-5
enek,-4
gaakan,-2
tutup,-2
kapah kapah,-2
celaka,-5
jahil,-3
gerecok,-4
kolera,-4
ganjal,-3
guncang,-2
tanda,-2
sogok,-4
simpang,-4
selamat tinggal,-3
simbah,-3
saum,-2
cacing karawit,-3
ringkas,-2
yalord,-2
cemeti dewa,-2
nyesal,-4
narkotika,-4
syedi,-4
standar,-2
sekali,-2
banget,-2
gagah,-1
cabe,-3
tidur,-2
sunu,-2
neng,-1
kuyup,-3
alami,-3
kelir,-3
hati hati,-2
tata,-2
gundik,-2
luka,-5
belia,-2
album,-2
comel,-1
sibuk,-3
asuh,-2
alah,-4
aduh,-4
enak,-4
sudah,-3
geluncur,-3
remaja,-2
akuan,-3
image,-2
bawain,-3
puasa,-2
kerut,-2
cacing jantung,-4
cacing ginjal,-4
brutal,-5
hamster,-3
diajarin,-3
luda,-3
giniin,-2
suap,-3
tetiba,-3
tebat,-3
tebak,-2
amatin,-2
diliatin,-3
mirip,-2
cacing gilig,-4
api,-2
senonoh,-5
garuk,-3
bisain,-2
timang,-1
insane,-4
sambal,-2
gjd,-3
malu,-3
kualat,-4
selulur,-2
sakit,-4
memang,-2
gersang,-3
tolak,-4
jilat jilat,-2
jahatin,-3
cacing hati,-2
babu,-5
abai,-3
sedih,-4
timpa,-3
guncang,-3
kontroversi,-4
mblo,-3
tidak kuat,-3
poor,-4
mata mata,-3
kenapaaa,-3
pikul,-2
lau,-2
gelicik,-3
jilat,-3
selir,-4
yaoi,-5
idam,-2
napsu,-3
zalim,-5
gelingsir,-3
bau kencur,-4
alergi,-3
kodok,-2
drop,-3
dikit,-3
belikan,-1
sundut,-3
anggur,-4
pataka,-3
sepele,-4
kurang,-3
siapa,-2
mahh,-3
gamungkin,-3
matiin,-2
bantah,-3
kenapa,-3
lagak,-2
cacing gila,-4
eek,-5
malesin,-4
anak bawang,-2
dinistain,-4
yahhh,-3
loloh,-3
sekongkol,-3
bokep,-5
jahat,-4
seksologis,-2
claim,-3
candu,-3
mumpung,-3
cemberut,-4
dijadikan,-2
lepek,-4
jangann,-3
gila,-4
gulir,-3
boros,-5
ganti,-3
air,-1
jujur,-1
akumah,-3
goodbye,-3
semena,-3
panas manasi,-3
curcol,-3
rajam,-5
nyata,-2
keparat,-5
linggis,-4
hangus,-3
kepleset,-4
badmood,-4
die,-4
malak,-4
indikasi,-2
kesi,-4
denyut,-2
peleset,-4
selusur,-3
ihhhh,-3
bobroq,-4
tuyul,-4
remeh,-5
gantung,-3
taat,-1
intrik,-3
padahal,-2
kerat,-1
raiso,-3
excited,-1
guling,-3
tewas,-3
balik,-3
gangsar,-3
kemas kemas,-2
cari,-3
susut,-2
becek,-4
ya sudah,-3
jahat,-3
luluh,-3
sohor,-1
rentan,-4
iyasih,-2
rusak binasa,-4
belah,-5
horny;-4
ngentot;-3
anjer,-3
alat vital,-2
gibah,-3
aurat,-2
rasain,-3
alat kelamin,-3
komplot,-4
alangkah,-2
ingin,-1
kutu busuk,-4
makelar,-3
manuver,-3
getir,-4
memek,-5
kalah,-4
tekan,-3
awas,-2
ngesot,-2
idam,-2
samping,-4
gelecik,-4
larang,-3
mainstream,-3
iyak,-2
pahit,-3
cacing tambang,-2
tolak,-2
bini gelap,-5
nyolong,-4
rebut,-3
ulah,-3
kompor,-4
yaahh,-3
lieur,-3
kena,-3
hempas,-4
harap,-3
dahh,-3
karin,-2
goblok,-4
tembakau,-3
kerjain,-3
suspend,-3
mayat,-4
eksplisit,-2
buah simalakama,-3
biar,-3
salah langkah,-3
mumet,-4
debu,-3
itu,-2
lipur,-3
lap kaki,-2
pedas,-2
jera,-3
begak,-3
cela,-4
alone,-3
muntah,-4
celah,-3
menghisap,-1
segitunya,-3
dingin,-2
bidik,-2
stalking,-4
naudzubillah,-5
keling,-3
mutualan,3

susuk,-4
kencing,-3
awan kelabu,-3
gemuruh,-3
fresh,-2
mata,-2
ngeden,-2
sensi,-4
jambret,-5
mutu,-1
jauhin,-3
rupawan,-1
lucu,-2
jedot,-4
sukar,-4
umpat,-4
sangkut,-3
nyontek,-5
tegur,-3
rombak,-2
cemerlang,-1
siksa,-5
dibeliin,-1
sedihhh,-5
sedih,-5
bongkar,-3
ngarti,-3
cucut,-3
hutang,-5
gbs,-2
disalahin,-3
incess,-3
kabeh,-2
irit,-2
kabar angin,-3
angkot,-1
problem,-4
yampun,-3
surup,-5
komat kamit,-3
manis,-2
teror,-5
pundung,-4
jadul,-3
sungkap,-3
lengket,-2
injek,-3
melarat,-4
tanah tandus,-3
dobrak,-4
sayat,-4
sedih,-5
retek,-3
coplok,-3
empas,-3
terror,-5
sanding,-2
takut,-4
jepit,-4
muskil,-2
aahh,-3
duka,-4
kurung,-4
mungut,-2
astagfirulloh,-4
peles,-1
muntah,-3
rapet,-2
kedaluwarsa,-3
kocak,-2
eror,-4
kencang,-2
sehat,-1
melar,-2
death,-3
inkarnasi,-1
hidu,-1
geledek,-2
pacul,-4
besar,-2
tembok,-1
najisin,-4
jiji,-4
yaudahlah,-3
nusuk,-3
jigong,-4
dah,-3
uler,-3
lebay,-4
geli,-3
rasuk,-5
seteru,-4
emmm,-2
keladi,-3
lengket lengket,-3
idk,-3
politik,-1
geledah,-3
ngelupain,-4
ngespam,-3
potong,-2
tenang,-1
panik,-4
ngilu,-4
tilam,-4
bencong,-5
pusink,-3
fitnah,-5
sesak,-3
harmonis,-1
bedah,-3
jatah,-1
lutut,-2
tunggang,-1
tusuk,-4
pecat,-5
kumat,-4
better,-1
ceria,-1
sodok,-3
sotau,-4
pitnah,-3
yailah,-3
diduain,-3
nyet,-4
pendek tali,-4
gemetar,-3
bau,-4
pojok,-3
ngomel,-4
numpuk,-3
hambar,-3
down,-3
mesiu,-1
neraka,-5
nganggur,-3
tertib,-2
blur,-4
langah,-3
mupeng,-2
biadab,-5
langau,-4
tekuk lutut,-3
guntur,-3
delay,-3
bangsat,-5
kereta,-4
mengap,-3
,-3
sahara,-2
cair,-1
belaka,-1
gigil,-4
,-4
tumpuk,-4
sogok,-5
binasa,-5
celampak,-3
curi,-5
kecamuk,-4
cucok,-1
diancurin,-3
sapu,-3
kapok,-3
gabaik,-3
cocok,-3
cekak,-3
bogum,-3
majikan,-3
suka,-1
igau,-3
stres,-4
bual,-4
hempas,-4
dipamerin,-3
aniaya,-4
absurd,-2
yang tuan,-3
beling,-1
suci,-1
cubit,-3
bobol,-4
lebai,-3
pipis,-2
lirih,-3
rewel,-4
nestapa,-3
amit,-4
nyampah,-4
depresi,-4
dukacita,-3
hembus,-3
boker,-3
rokok,-3
banjir,-3
darah dingin,-4
manja,-3
rogoh,-3
rogok,-3
ditidurin,-4
copot,-3
rosak,-3
halang,-3
santet,-5
gejolak,-3
dilema,-3
apek,-4
gabutuh,-3
sembur,-3
kejam,-4
rontok,-3
serah,-4
sendu,-2
elegan,-1
jelma,-3
konsekuensi,-3
lapang hati,-1
pajak,-3
ya sudah,-2
gagal,-4
pasrah,-3
tumbuk,-3
sisih,-2
terajam,-4
tkde,-1
berangan,-3
banyol,-3
ria,-3
sayu,-2
musuh,-4
pelosok,-3
anjing,-5
pending,-3
cry,-3
mules,-4
ketar ketar,-3
prihatin,-3
mustahil,-2
komplikasi,-3
isu,-1
anjis,-1
melet,-3
taik,-5
buta hati,-4
kantong tipis,-4
darah,-1
hilaf,-4
ex,-1
anjg,-5
ngeles,-3
goda,-3
murung,-4
jutekin,-5
rasuk,-3
kelok kelok,-2
huhuu,-4
belenggu,-3
rebak,-3
ledak,-4
hayoloh,-3
bisik,-2
lembung,-3
ecer,-2
bagal,-3
anjlok,-4
haters,-5
gosah,-3
bandar,-4
dosa,-4
anjing,-5
tidak,-3
siksa,-4
maho,-4
compeng,-4
ciplak,-3
kalah,-2
cabul,-5
rang,-3
gelagap,-2
ganggu,-4
nyali,-3
biang keladi,-4
gembul,-3
betina,-2
konyol,-3
cengeng,-4
aduk,-3
ngancem,-4
gores,-3
elak,-3
ganjar,-3
pedofil,-5
sebarang,-2
ngetawain,-4
ragu,-3
gone,-2
pedih,-4
sangka,-3
suudzon,-4
cucuk,-3
golek,-1
layan,-2
diare,-4
leleh,-3
bakat,-1
berat telinga,-3
ada,-3
lebih baik,-3
ugal ugalan,-2
ngestalk,-4
curiga,-4
satu,-1
peluk,-1
faedah,-1
petaka,-4
masygul,-2
jatohnya,-1
kasih,-1
pelecok,-3
benguk,-2
semangatin,-1
ringkih,-4
liat,-2
timpa,-3
rasuk,-3
sunu,-2
hati,-2
tunggang,-1
guling,-3
turun,-3
singkir,-5
damprat,-4
ingkar,-4
aur,-3
adang,-3
keroyok,-4
rem,-5
rusak,-4
pesona,-1
pencet,-2
perkara,-4
anggur,-4
darah dingin,-4
remuk,-4
mahir,-1
tangkap tangan,-4
kabung,-5
pasuk,-3
khianat,-4
kutil,-4
kelakar,-4
renti,-3
cecer,-3
poko,-2
belah,-5
nang,-5
usil,-3
usir,-4
amuk,-5
hidu,-1
bain,-2
buang nyawa,-5
pukau,-1
sapu,-3
otot,-4
cela,-4
sayang,-3
jahat,-4
remeh,-5
mudah,-1
neng,-1
palit,-3
tamat riwayat,-3
selusur,-3
hilang,-4
bom,-1
celampak,-3
kerubung,-3
bangan,-3
sentuh asa,-1
cengkerama,-2
tahu,-4
curat,-1
gubris,-2
masuk,-3
mirip,-3
buruk,-5
api,-2
caplok,-3
cebik,-3
ekspos,-4
lutut,-2
suara,-1
dalih,-4
apas,-3
hilang,-4
desir,-2
kusut,-4
menung,-3
wara,-3
keruh,-4
gampang,-3
sengal,-4
kerumit,-5
tugas,-1
salah,-4
sekongkol,-4
ancam,-4
nyata,-2
ganggu jiwa,-4
kerut,-2
heran,-3
jatuh,-3
jalan bebas hambat,-1
uar,-3
sanding,-2
tantang,-4
dengu,-3
loloh,-3
geger,-3
gede,-2
sir,-2
peleset,-4
banding,-3
tumpu,-3
jepit,-4
gulir,-3
panik,-4
malang,-5
leceh,-5
gantung,-3
tekuk lutut,-3
surat takdir,-3
prasangka,-3
suci,-1
lesit,-1
rebak,-3
susah,-3
lancar,-2
kobar,-2
tunggu,-2
kompor,-4
celah,-3
junjung,-2
bopong,-3
aduk,-3
gelicik,-3
mutu,-1
tangkis,-3
lumat,-4
henti tugas,-2
jambret,-5
jelma,-3
maklum,-2
muram durja,-5
main,-2
empas,-3
bual,-4
ratap,-3
gaco,-2
sayat,-4
sudah,-3
putih tulang,-2
lorot,-4
pisah,-3
sodok,-3
cibir,-5
meni,-2
lanjur,-3
lupa,-3
lucu,-2
sohor,-1
perenyak,-4
tanda,-2
batu,-2
simpan,-3
keri,-4
heboh,-3
pergok,-5
erti,-2
ketar,-3
samping,-4
ringan,-1
cocok,-3
album,-2
tinggal,-3
tagih,-3
nyala,-2
sidang,-3
mata,-2
cetus,-1
sampah,-4
rampas,-4
keras hati,-3
sanggama,-2
rogoh,-3
tenang,-1
rogok,-3
buang,-3
prediksi,-1
asa,-2
cari,-3
umur,-2
duga,-1
cair,-1
recok,-3
isu,-1
galak panas,-3
sungkap,-3
ecer,-2
mungut,-2
tumpah hati,-3
rang,-3
hina rendah,-3
gugur,-3
pacul,-4
baiat,-3
lembung,-3
kapah,-2
gusar,-3
surup,-5
isap jempol,-3
cerca,-4
tata,-2
sisih,-2
sial,-5
gentar,-4
sangkut,-4
susah hati,-5
alam,-1
tumbuk,-3
pengaruh,-2
halang,-3
rusuh,-4
tilap,-4
cangkum,-3
onar,-5
panggil,-1
rundung,-4
jilat,-3
tanggung,-2
ana,-3
rugi,-5
gempar,-2
gerombol,-4
colong,-5
tertib,-2
tuntun,-2
hukum,-3
idam,-2
gelingsir,-3
catut,-3
suka,-1
cumbu,-3
gonggong anjing,-3
kaya,-2
kandut,-3
rantai,-3
keji,-5
tebak,-2
tumpuk,-4
rajam,-5
pelanting,-3
tebat,-3
kemas,-2
asuh,-2
ceria,-1
kecamuk,-4
bejat,-5
pegang,-2
tidur,-3
pemuda,-1
larang,-3
rangsang,-3
tembok,-1
menang,-5
gadang,-4
kelok,-2
kenang,-2
ledak,-4
kuat duga,-2
abu,-2
cebur,-5
abai,-3
serang,-4
gores,-3
rongsok,-3
tindik,-3
luka,-5
bunyi,-1
kerak,-2
bekap,-3
bekas,-3
kesima,-1
pikul,-2
ciut,-3
kereta,-4
santun,-2
habis,-3
layan,-2
sundut,-3
susut,-2
gelincir,-3
tajam,-2
simpuh,-3
bara,-3
cemas,-3
sunduk,-3
kongkalikong,-4
susup,-2
campak,-4
babar,-1
tembak,-5
sembul,-3
ken,-2
tegur,-3
latih,-2
korek,-4
yang tuan,-3
lupa,-3
alir udara,-1
tegun,-3
konspirasi,-4
cinta,-1
tekan mental,-4
ganti,-3
tangkap,-3
tutup mulut,-3
gelanggang,-3
nahas,-2
gigil,-4
sambat,-3
tanduk,-2
cekak,-3
lemah,-4
nenes,-2
pinned,2
cekau,-2
ekang,-4
prihatin,-3
besit,-2
jabat,-3
enteng,-2
singgung,-5
taat,-1
busuk,-5
semayam,-3
potong,-2
genang,-2
hina aib,-4
gejolak,-3
hiruk,-4
sengaja,-2
takut,-4
geleng,-3
selulur,-2
suap,-3
sembarang,-4
gelesot,-3
kalang tanah,-2
antem,-4
tunas,-2
gelap,-4
menep,-3
umpat,-4
biak,-3
biar,-3
batas,-3
tetes,-3
licin,-2
maki,-5
songsong,-2
tusuk,-4
sungkawa,-3
dunia,-2
faedah,-1
ganyang,-4
gerecok,-4
umbar,-3
telinga merah,-3
sakit,-4
tolak,-4
bandel,-5
sepele,-4
jarah,-4
jarak,-3
suntuk,-4
gelora,-2
aniaya,-4
balas,-3
banting,-3
hayat,-2
daif,-3
lubang,-3
dosa,-4
tarik hati,-1
ejek,-4
goda,-3
berangan,-3
rampok,-5
lendeh,-3
parah,-5
peranjat,-3
nyanyi,-2
getar,-3
hina,-5
geruh,-4
dari dunia,-5
elu,-2
cucut,-3
retek,-3
kasi,-3
jejal,-3
cucuk,-3
jedot,-4
antisipasi,-1
celaka,-5
patung,-3
sindir,-3
geliat,-3
alami,-3
lepas,-2
harap,-3
comot,-4
siksa,-5
acak,-5
sendu,-2
acau,-4
hempas,-4
ganjil,-4
derita,-5
bantah,-3
untung,-1
hangus,-3
ampas kopi,-2
simbah,-3
leleh,-3
bidik,-2
lari,-2
sentuh,-2
dengung,-3
cemplung,-4
ribut,-4
olok,-4
kelir,-3
buru,-3
geluncur,-3
bakat,-1
musuh,-4
pacar,-3
cemerlang,-1
bisu,-3
rebut,-3
tendensi,-3
duka,-5
gelecik,-4
akal,-4
mari,-1
pelecok,-3
bendung,-3
makan,-1
tular,-4
timbal,-2
teduh,-2
pokok,-3
baca,-1
cedera,-4
maksud,-1
lot,-5
sungguh,-1
ubah,-3
anjur,-2
ramal,-2
terka,-1
jaga,-3
ruwet,-4
semangat,-1
mencak,-5
seteru,-4
aneh,-4
tutup,-2
lanyak,-3
curu,-3
tekan,-3
nista,-5
sumbat,-3
tumpang tinggal,-4
erik,-3
uang,-2
tahan,-2
sembah,-2
ubah akal,-2
tip,-3
tambat hati,-2
ogah,-3
panas,-3
simpang,-4
sunyi,-3
indah,-2
noda,-4
langah,-3
langau,-4
taksir,-1
beda,-2
hambur,-3
tangkap basah,-3
bandung,-1
bahagia,-1
bisik,-2
coret,-1
ngaceng,-5
jihat,-4
arau,-4
tubruk,-3
lesap,-3
transformasi,-5
gabung,-5
gasak,-5
maklumat,-3
kerut,-3
inersia,-4
lebur,-5
senyampang,-4
ayun,-3
hadirin,-3
pantang,-4
porno,-5
karut,-5
tingkeb,-3
bayi,-3
empot empot,-5
gulir,-3
lembu liar,-3
kemandang,-3
rantas,-3
sambung,-3
aus,-5
gulung,-4
moyang,-4
berang,-5
singkil,-4
deru,-3
tumpuk,-3
represi,-4
distorsi,-4
risih,-3
semak hati,-5
lintas,-4
tung,-3
risa,-4
benyot,-4
bromocorah,-5
medok,-3
lencana,-3
ekshibisi,-3
kali,-3
hening,-3
lingkup,-3
gam,-4
cagil,-4
mampat,-3
kaji,-5
gelogok,-3
gapil mulut,-4
sudah,-3
selesma,-3
pari,-3
khafi,-5
lumang,-5
omong kosong,-4
kecandan,-4
basmi,-5
petuah,-3
cegat,-3
pulsa,-3
rancu,-4
luruh,-3
titis,-3
santet,-3
unjuk,-3
ketupat bengkulu,-5
tawar,-4
cacat,-5
titik,-3
ikhtiar,-4
pelekok,-3
betung,-3
buang,-4
jauh,-3
ganda,-3
anjak,-3
sulam,-5
bengal,-4
serius,-5
kusut hati,-5
mupus,-5
kait,-4
barua,-5
robek,-4
judes,-4
belembang,-5
betas,-3
madat,-3
sensasi,-5
sandung,-5
catak,-4
interlokusi,-3
rongseng,-4
baya,-4
merinin,-3
tempo,-4
cacing kalung,-4
makmur,-3
tular,-4
borok,-5
kentara,-3
restan,-3
toleransi,-3
caci,-5
mama,-4
dorong,-4
pancakara,-4
tenggang,-3
hunjam,-4
angkat tangan,-5
sumbang,-4
hangat,-4
cekuh,-3
forum,-3
anjing tanah,-5
juang,-3
dering,-3
mentok,-5
jendala,-5
puyeng,-4
kelesa,-4
tambah,-5
kerdak,-4
gelabur,-5
tutur,-3
malak,-5
rapat,-3
fasid,-5
celoteh,-4
balik,-5
selang,-3
tais,-3
kelasah lusuh,-5
orang orang,-3
gencet,-5
muat,-3
bersih,-5
walak,-5
unit,-4
jaga,-3
anjung,-3
tahi angin,-4
kerekau,-3
musir,-4
saran,-3
larang,-3
rangkum,-3
rangkul,-3
orang bunian,-4
rintang,-4
rangkup,-3
rangkus,-4
abdi,-3
sesak sesak,-3
bohong,-4
karut,-5
prajurit,-5
suari,-3
obat bedil,-3
sarau,-5
bayu,-4
usir,-4
miliun,-5
helat,-4
lisong,-3
selekeh,-5
kantong,-5
tara,-3
runcing,-4
disparitas,-4
lawan,-5
gelongsor,-4
tesis,-3
relai,-5
lik,-4
pitam,-4
tulup,-3
bohong,-4
tandang,-4
ibadat,-3
vibrasi,-3
jerkah,-5
fakir,-5
kode,-3
cencala,-5
rusuh,-5
genitalia,-3
sigar,-3
ungkit,-3
fadihat,-5
indehoi,-3
ta,-3
akik,-3
jamah,-5
sewot,-5
bolsak,-4
dusta,-4
dusta,-3
urung,-5
kasiku,-4
sadar,-3
cirit,-5
jolok,-3
,-4
apkir,-4
penuh,-3
hubung singkat,-4
adiktif,-4
singkap,-4
lubuk,-3
redup,-3
lelucon,-4
umbul umbul,-3
paut,-4
sangkak hati,-4
kadam,-3
hot,-4
jalan lingkar,-4
terang,-3
uji,-5
coreng moreng,-4
iri hati,-5
setia,-4
darah,-4
makmum,-3
deriji,-4
buru,-3
sedu,-5
cunam,-3
keramat,-5
mu,-4
sampean,-4
jendera,-4
menggelabu,-4
bedol,-4
pakai bahasa,-3
arca,-3
sistem,-4
buang buang air,-5
siasat,-3
lecet,-4
walang hati,-5
buru,-5
damprat,-5
senda gurau,-4
tala tala,-3
tegal,-4
umpil,-3
singgung,-3
duri,-4
bantah,-3
bahasa,-4
gugup,-5
gugus,-4
cikun cikun,-5
rorod,-4
rompes,-4
kepalang,-3
ulam ulam,-5
pandemi,-5
atribut,-3
deskripsi,-4
geblek,-5
bungsu,-3
sembunyi,-3
anggar lidah,-3
londang,-3
bakar,-5
kesel,-5
rabit,-3
keluarga,-3
berangsang,-5
hilang akal,-5
cenderung,-3
junior,-4
penjara,-4
sesak,-4
cakap,-4
antitesis,-3
kotor,-5
cucur,-5
kelih,-4
tanggung,-4
barut,-3
kelis,-3
pipit,-3
intiha,-3
tenggalam,-3
sesar,-3
sesap,-3
sayap,-4
pelak,-3
cemomot,-4
bebal,-3
antuk,-4
lantar,-4
satelit,-3
angsur,-3
danyang,-4
seleweng,-5
dangkung,-3
soak,-5
hujat,-4
rombong,-4
caing,-3
sorak,-3
tabur,-3
imbesil,-5
pelir,-5
kemban,-5
keris,-4
sumbat,-5
cekcok,-4
asan asan,-5
jual murah,-3
tengking,-4
bantu,-4
konfirmasi,-4
gundang,-5
amit,-4
pecah,-4
gairah,-3
cengkeram,-5
nafi,-4
sakar,-5
pepet,-5
ketat,-3
dompol,-4
cecak,-3
lumur,-4
lukat,-4
jeli,-3
aborsi,-3
lembu hutan,-3
jalu,-4
puntianak,-5
bicara,-3
acau,-4
tuju,-4
pinggir,-4
rangsang,-4
jatuh,-4
kerabu,-5
debil,-5
laif,-5
bentul,-3
renyang,-5
becak becak,-3
aji,-3
tabal,-3
rona,-3
laik,-5
bundak,-3
narkotik,-3
resan,-5
koyak,-3
anggota,-3
sakit,-5
benjut,-4
buni,-5
sangkal,-4
coleng,-4
pangah,-4
tindih,-4
sano,-4
keset,-4
bening,-4
hemat,-3
lebar mulut,-4
ambles,-4
konglomerasi,-4
prapendapat,-3
generasi,-3
tunjang,-3
papas,-5
abses,-4
handai handai,-3
jawat,-3
geriap,-4
sara,-3
absen,-3
serampu,-3
candala,-5
batel,-4
tumpat,-4
jejak,-3
degil,-5
masyhur,-5
dangkar,-4
talak,-3
dengki,-5
bahaya,-4
guguk,-5
inisiator,-4
pergi,-3
giat,-4
cucup,-3
nebeng,-3
kepala angin,-3
asal,-3
asak,-3
padang luas,-3
selundup,-3
anugerah,-3
kusut pikir,-4
galas,-4
temporer,-4
kocar kacir,-5
sambung jiwa,-3
degub,-3
desak,-4
laknat,-5
pikir tumpul,-3
gema,-4
sirat,-3
epidemi,-5
bacok,-4
kepialu,-4
sepakat,-4
desau,-3
jenewer,-4
cium,-3
kernai,-4
rekomendasi,-3
nista,-5
kemandang,-3
paruh,-3
loyo,-3
gerah,-5
sekar,-4
rusuk,-4
cangkul,-4
tangguh,-3
trek,-3
minum,-3
ingat,-3
hingar,-5
wreda,-4
petus,-3
loksek,-4
cari,-4
copet,-5
daing,-4
kongkong,-3
sara bara,-5
rapun,-5
eban,-4
tuhmah,-3
perit,-4
rasuk hati,-3
minus,-3
erot,-4
sat pusat,-4
sikut,-5
khalifatullah,-4
desersi,-3
nobat,-3
direksi,-3
kecap,-4
pamflet,-3
campak,-5
bimbang,-4
pangkur,-4
bablas,-5
somplak,-4
mamah,-4
doi,-3
iming iming,-3
kembang kempis,-4
sabet,-5
geger,-3
seteru,-5
rumung,-3
embat,-5
jual,-3
derek,-5
mata betung,-3
hasud,-5
koteng,-3
hulu,-3
sukar,-4
ban,-4
tinggal,-4
patah pucuk,-5
ketupat bangkahulu,-5
gedang,-4
sitoplasma,-5
umum,-3
benam,-5
senyap,-4
puisi,-3
gelap,-4
telerang,-3
musuh,-5
asing,-5
digresi,-4
penyap,-3
lancip,-4
hoki,-3
celomes,-4
implementasi,-4
semrawut,-5
atresia,-3
jejak,-4
lopak,-4
bahana,-3
mampir,-3
surai,-3
gambar,-3
asid,-5
goyang,-3
rangkap,-3
leku,-3
langsuir,-4
random,-4
takal,-4
pupus,-5
dukun,-3
mengharubirukan,-4
irsyad,-3
rurut,-5
gelantung,-4
diplomasi,-5
buram,-3
intai,-3
carik,-5
paksa,-4
belakang,-3
timbal,-3
cerca,-5
pelana,-3
buras,-4
folder,-5
blangko,-3
badan,-3
tampar,-3
poleng,-3
bekam,-4
tipu muslihat,-5
seluk,-3
jungkal,-5
jengkang,-5
stok,-3
jalan arteri,-4
buah,-3
inferioritas,-5
cakar,-4
comberan,-4
gaul,-3
bab,-4
tampak,-4
beringas,-4
rudin,-5
marak,-3
vampir,-5
gaet,-5
pincang,-4
indolensi,-4
cakar cakar,-4
dekadensi,-5
ambruk,-5
rubuh,-5
pawana,-4
radius,-4
kerikil,-3
rambu rambu,-4
halang,-4
cemar,-5
lekat,-3
periksa,-5
lekas,-3
lekap,-3
cemat,-5
bunting,-3
disentri,-5
babak,-4
tingkat,-4
merosot,-5
atur,-4
gabas,-5
kohor,-3
lebih,-4
tunjuk,-3
suplai,-3
inteligen,-4
gunjing,-5
artikel,-4
berjubal,-3
semir,-5
pongsu,-4
tatah tatah,-5
anarki,-4
lam,-5
mencepung,-5
azab,-5
tegah,-5
sumpah,-5
dabih,-3
sisi,-4
pinak,-3
cempeng,-4
linguis,-3
guam,-4
telimpuh,-3
dangkung,-3
surut,-3
adil,-4
pita,-4
bual,-4
bijaksana,-4
awa,-3
gulat,-4
sigi,-3
kagum,-5
jambak,-5
cekah,-4
langgar,-4
lunyah,-3
,-4
pikir,-3
cepol,-4
lemau,-4
lepas,-5
cekat,-4
simpang siur,-4
tengah,-3
jebol,-3
setrap,-3
hadir,-3
subversif,-4
sembarang,-5
timang nimang,-3
balkon,-3
juwita,-4
simbah,-5
sila,-3
tambeng,-5
anyir,-4
hormat,-3
dekus,-3
madani,-4
anggur,-4
dikit sedikit,-3
ayat,-4
semprot,-5
reguk,-3
,-3
jelata,-5
berak air,-4
selia,-4
senang,-4
pejal,-3
kendati,-3
tunggang gunung,-4
asih,-4
gembung,-3
jodoh,-3
lindur,-3
tuntut,-3
beredak,-5
semena mena,-5
kedung,-3
antek,-3
mandiri,-3
bancang,-5
perdata,-3
tumbuk,-4
tawon,-3
isolasi,-3
putus akal,-5
ringan lidah,-4
serempak,-3
perosok,-5
tebuk,-3
ain,-5
topek,-4
alur,-4
serak,-4
lengar,-4
aib,-5
frustasi,-3
semat,-4
ganggang,-3
bimbing,-3
wujud,-3
wafat,-5
tiada,-3
tolak,-3
geluduk,-3
arsip,-5
upaya,-4
papakerma,-5
istan,-5
buang air,-5
tongong,-3
tuntun,-3
cape,-3
inventori,-3
labrak,-5
khinzir,-4
curna,-5
huni,-3
rayap,-3
oles,-4
demonstrasi,-4
cuka belanda,-5
alih,-5
damping,-3
geletar,-4
kompas,-3
raib,-3
bongkar,-3
pandir,-5
antara,-3
kelam kabut,-4
tambun,-3
topo,-5
sunat,-5
lawat,-4
antara,-3
duaja,-3
pegawai perintah,-3
rahmat,-3
gam,-3
tanggung,-5
berandal,-5
libas,-4
selawat,-3
pangsa,-3
pica,-4
riba,-3
sengat,-4
kanun,-3
tanggap,-5
gugat,-4
kumandang,-3
boyak,-5
lucah,-5
cekang,-3
gondok,-4
ambai,-5
gendak,-5
dalalah,-5
cinta,-3
timpa timpa,-3
sewal,-5
gosip,-5
mata ikan,-4
muncul,-3
tungku,-4
ambau,-5
pukang,-3
terbang arwah,-4
sentuh,-5
aktif,-3
panas,-4
ruat,-4
bantai,-4
plonga plongo,-3
keropos,-3
rangkai,-4
tindak,-4
bantar,-4
ruai,-4
ruak,-4
pagebluk,-5
canggung,-4
geliat,-3
lenggana,-4
insentif,-3
rangkam,-4
gegadan,-5
kicau,-4
kucur,-3
rangkak,-3
shabu shabu,-3
mulut,-4
orok,-3
cekcok,-4
lapor,-5
unting,-5
ambiguitas,-5
samping,-4
bando,-4
carak,-3
celetuk,-5
ledek,-5
arah,-4
pohon,-4
rumor,-5
aram,-3
timang,-3
jelingah,-3
dengus,-3
dengut,-3
laga,-4
nasihat,-3
rawan,-4
murup,-3
lasat,-5
congor,-3
tegap,-3
lengkap,-3
sederhana,-5
jentaka,-5
macis,-4
amor,-4
dedak,-3
perosok,-4
jereket,-3
salin,-3
anak pinak,-3
gelora,-4
jemu,-3
sedat,-4
bonggol,-4
belah,-4
susila,-4
liku liku,-4
hidung,-5
saba,-3
satu,-4
runtun,-5
redam,-4
buah hati,-3
doa,-3
geser,-5
birokrat,-3
pihak,-4
elus,-3
tegar,-4
huni,-3
hati,-5
gegabah,-5
instruksi,-3
sadis,-5
ting,-4
kos,2
sarak,-3
kandas,-5
lari,-5
agama,-3
dompleng,-3
menit,-3
kisar,-3
hapus,-3
loak,-4
dekaden,-5
bukti,-3
kemih,-3
tabrak,-3
dungkul,-4
sia sia,-4
kerok,-3
potol,-4
aliansi,-4
riba,-3
luak,-3
hantam,-5
tanda,-3
menjapit,-4
rosok,-3
rat,-4
ujung tangan,-4
encok,-5
otek,-4
koneksi,-4
mulut rambang,-4
anggara,-4
recok,-4
tindih,-4
gili gili,-3
urine,-3
kebat,-3
dedah,-4
armada,-5
kutuk,-5
tang,-5
wan,-4
gamang,-3
cantik,-4
rembes,-3
lemah,-3
setan,-3
rakaat,-4
lepas,-5
terowongan,-4
vakum,-3
tolak,-4
faring,-5
gemuruh,-3
ramah,-3
ramai,-5
lontar,-3
hanyut,-4
sanggit,-5
esensial,-4
jajar genjang,-4
habis,-4
tampak,-4
cumbu,-4
lalat kerbau,-4
keruan,-3
jaring,-4
duel,-4
cegah,-3
curang,-5
batas,-4
tengak,-4
dampak,-3
tengkar,-4
ragu,-3
layu,-4
balela,-4
pergok,-5
rua,-4
cacau,-5
inspirasi,-3
amuk amuk,-4
tuju,-3
petir,-3
belit belit,-4
lusuh,-5
siar,-3
galaba,-5
tunjang,-4
pental,-3
paruh,-3
darurat,-4
geming,-4
hangit,-5
gepok,-5
realisasi,-3
motivasi,-4
angkat,-5
sentuh,-3
kungkung,-3
ajar,-3
luwes,-4
siar,-3
aco,-5
pegawai negeri,-3
rundung,-4
parut,-3
panar,-3
oyok,-3
cingangah,-4
tele tele,-3
serap,-3
hilang pikir,-4
getol,-3
kebiri,-3
rapat,-3
batil,-4
telanjur,-5
siksa,-5
setip,-3
kalimantang,-3
salah urat,-3
tempat,-3
motif,-3
indo,-3
jerit,-5
ziarah,-4
adimarga,-4
solang,-3
kelik,-3
berogak ogak,-4
pusu,-4
arus udara,-4
cerah,-3
potong,-3
bambu,-3
bendera,-3
empedal,-5
pindah,-5
cecunguk,-5
tulah,-3
barkas,-5
canda,-4
iring iring,-4
datuk,-4
malak,-4
kumandang,-3
turun,-3
kacrek,-3
ametis,-4
segi,-4
gembira,-3
tangkap tangan,-5
batalion,-5
asimilasi,-3
reyot,-3
jumpa,-4
masygul,-3
operasi,-4
bengok,-4
hujung,-3
inklinasi,-3
nasihat,-3
istimewa,-3
pencar,-5
huma,-4
suka,-3
olah,-4
jalan protokol,-4
sentak,-5
sakit hati,-3
jeri,-3
gabung,-5
tawan,-3
sisih,-5
depak,-3
tabrak,-4
halilintar,-3
cekung,-4
pecat,-5
pelet,-3
konkretisasi,-3
saya,-3
seram,-4
sengketa,-4
omong,-4
dalam,-3
motivasi,-3
ejawantah,-3
bondong bondong,-3
jepit leher,-4
relasi,-4
tebar,-3
serobot,-5
hamun,-5
jerum,-4
skors,-3
cetera,-4
lesap,-3
tancap,-3
detektif,-3
lompong,-5
pucuk,-4
alas,-4
makan,-4
cimeng,-3
baku,-3
kabar,-3
jotos,-3
rasionalitas,-4
bangsal,-3
raban,-4
maling,-5
tular,-4
jilid,-5
bidas,-5
cerat,-3
cekit,-4
bungkus,-3
derum,-4
goblok,-5
celuk,-3
cakap,-4
iri,-4
angkat topi,-4
langgar,-5
muas,-5
pasuk,-3
catur,-3
dengkur,-3
rua,-4
tagar,-3
tumang,-4
ulur lidah,-5
wenang wenang,-5
maula,-4
luruh,-3
ledes,-3
hambur,-5
gali,-3
sebar,-3
nikah,-3
ceku,-5
dengkul,-3
pergi,-5
murung,-5
jalan tol,-4
sementung,-5
miring,-4
tumbang,-5
bondot,-5
undi,-5
pejajaran,-4
kuat,-3
minta,-4
ruok,-5
kecai,-5
legalitas,-3
pilin,-5
rambang,-5
kaidah,-4
bucu,-3
kalah,-4
popok,-4
kencan,-4
germo,-5
cerai,-4
begundal,-3
kukuh,-3
pendek,-3
ruyup,-4
kebat,-3
gelecik,-3
mendung,-3
liang sanggama,-4
sahabat,-4
gelinjang,-3
kebas,-3
kerja keras,-5
musyawarah,-3
belah ketupat,-4
sawat,-5
terminal,-3
tingkah,-5
bayan,-4
kantin,-4
bendel,-5
koplo,-3
singkir,-4
papar,-3
dalil,-3
papak,-3
nuansa,-3
enyah,-4
merosot,-5
capit,-3
rencana,-4
dewan,-3
ceracau,-3
malas,-4
repot,-5
kemik,-3
fasilitas,-4
bombastis,-3
didik,-3
bencat,-5
kikis,-3
apiun,-3
khianat,-5
bedegong,-4
fulan,-3
iba,-5
calar,-3
flu,-3
untun,-3
bawang,-5
ranap,-5
cagun,-3
biut,-5
tambun,-3
andeka,-3
banting,-4
dahsyat,-5
mungkir,-5
becus,-4
zalim,-5
lantik,-3
kisruh,-3
memedi,-4
gas,-4
wujud,-3
bapet,-4
intrakalimat,-5
berak,-4
akidah,-3
rayu,-4
imbang,-3
senging,-5
timbang,-3
irik,-3
juragan,-4
kir,-4
vital,-4
begu,-4
tika pangkai,-4
harap harap cemas,-3
warita,-4
bawa,-3
mudah,-3
roboh,-5
rabu,-3
surih,-3
apatis,-5
semprot,-5
adu,-4
agen rahasia,-3
arah,-3
tanding,-4
data,-3
hasan,-4
otak udang,-5
dedah,-3
asosiasi,-4
teguk,-3
natural,-3
loneng,-3
tuah,-3
tadabur,-3
rebah,-3
lancang mulut,-4
rampang,-4
prinsipil,-4
karet,-3
corengmoreng,-4
kelompok kelompok,-4
gelisah,-4
waduk,-3
koyak koyak,-5
wajar,-5
inheren,-4
hilang arwah,-4
kumandang,-4
lubang,-3
metamorfosis,-3
soe,-5
jeringing,-4
ayun,-3
lucut,-3
empal,-4
berangkat,-4
apes,-5
mansukh,-4
sulit,-5
tuli,-3
gugur,-3
kacek,-4
hulu,-3
gagar,-3
rayu,-3
gawat,-5
ada,-4
takut,-4
berangkal,-3
tenung,-3
empap,-3
prosedur,-4
bernas,-3
hop,-5
pendam,-5
syair,-3
seleweng,-4
semok,-4
tike,-3
nujum,-4
sabak,-3
pukul,-4
solot,-4
selubung,-3
bentur,-4
usaha,-3
tengkar mulut,-5
lingkar,-3
ligih,-4
ejakulasi,-3
sepak,-3
kelesah,-5
lindap,-3
signifikansi,-4
payah,-3
sinkron,-3
uci uci,-4
serbu,-5
gerebek,-3
khisit,-5
gugat,-5
lipat,-3
tubruk,-3
sarangan,-3
kesambet,-3
sutradara,-3
lucah,-5
kata ngatai,-5
tetes,-3
cacing es,-4
beguk,-4
bongkak,-3
kalor,-4
batu dahak,-4
gegap,-5
lotong,-4
kacau,-4
bantu,-4
gemaung,-3
pekak,-3
tulang,-5
adab,-3
usaha,-4
cilok,-3
serpih,-4
kutuk,-5
hajar,-5
uang sogok,-3
tanggal,-4
buntung,-5
hajat,-5
batal,-3
jorong,-3
gabung,-3
uang pecah,-4
desas desus,-5
prahara,-3
mantap,-3
jalan raya,-4
batuk darah,-4
tempelak,-5
dursila,-5
rebet,-5
hinap hinap,-3
tunjuk asa,-3
rebeh,-5
hirap,-3
mau,-3
daulat,-5
hempas,-5
hancur lebur,-5
rumit,-5
disimilaritas,-4
entak,-3
tradisional,-5
sengut sengut,-5
meriang,-4
sungkan,-4
angin,-5
sendi,-4
nama buruk,-5
dongkol,-4
arah,-4
onar,-4
dalal,-3
rompak,-5
laboratorium,-3
tunduk,-5
omong,-4
someng,-4
cibir,-5
tongkrong,-3
kuat,-3
mutlak,-3
main,-3
selang,-5
eroton,-4
endemi,-5
lapuk,-5
rabak,-3
derita,-4
haram,-3
pekik,-5
unjuk,-3
api,-4
hujat,-5
dengki,-5
jangkang,-5
lap,-5
sumpal,-3
lembeng,-4
salah,-5
imam,-3
sembrono,-5
jejas,-5
hala balai,-4
cikun,-5
bundel,-5
surut,-4
urit,-3
bloon,-3
kubra,-5
hujah,-4
longgok,-3
cempek,-4
khair,-4
tonjok,-5
gering hulu,-4
anut,-3
jaran,-3
pering,-3
ejawantah,-3
silang,-4
kasih kasihan,-3
cecah,-3
renung,-3
bincang,-3
gemap,-3
sodok,-3
dinding,-5
buncit,-3
kerakal,-3
lancang,-5
enggan,-5
cengkeram,-4
tinggal,-3
laten,-5
luluh lantak,-5
todong,-5
sogo,-4
fiskal,-3
tekak,-4
perlahan lahan,-4
onyak anyik,-4
rembet,-4
fungsionaris,-3
kembang,-4
dugal,-5
receh,-4
dobel,-3
cemas,-4
celemotan,-4
tanur,-4
sombong,-3
faktor,-4
anu,-3
persuasi,-3
welas,-3
mangau,-4
ulung,-4
seraga,-3
bait,-3
terima,-3
aspiran,-5
dansa,-4
hunjam,-3
friksi,-5
pematang,-4
lenyap,-5
api api,-4
gidik,-4
mesut,-4
sanggit,-3
seret,-3
mesum,-5
sukat,-5
golak,-5
hening,-4
tengking,-5
aspek,-3
amblas,-3
momok,-5
fundamental,-4
abuk,-3
gunduk,-3
beta,-3
kemplang,-5
abur,-5
selap,-3
tembelang,-5
rumah tangga,-4
jebeh,-5
nikmat,-3
babi buta,-4
tahun,-5
primer,-4
geligi,-4
bangkang,-4
fulanah,-3
tubuh,-3
bulat,-3
layon,-4
baginda,-3
selempang,-5
esak,-3
himpun,-4
kunjung,-4
belot,-5
kilah,-4
terang akal,-4
perih,-5
serobot,-3
es,-3
elak,-4
kerepot,-3
hadiah,-3
dedikasi,-3
sekat,-5
cek,-4
bumi,-3
moderator,-3
duli,-3
hebat,-4
berita,-4
layang,-3
layan,-5
selak,-5
buta,-3
fitnah,-4
nala,-3
sekop,-3
incit,-4
batung batung,-4
gesek,-3
rongkol,-5
tinju,-4
sengketa,-4
cilok,-3
asing,-4
kurang kurang,-3
daftar,-3
tahan,-4
perahu,-4
lekat,-4
khawatir,-5
ruang,-3
kisi,-3
hadiah,-3
ajang,-3
pegang,-4
kafetaria,-4
masai,-4
renyam,-3
patgulipat,-5
terali,-4
rad,-3
ijab,-4
meluluhlantakkan,-4
beron tak,-4
enjak,-3
beranda,-3
perus,-5
ahmak,-3
pepak,-3
ceroboh,-5
cacing pipih,-4
cuak,-4
bison,-3
pepat,-3
kotak,-3
anjak,-3
anak bedil,-3
tebal hati,-5
tenggak,-3
lampau,-4
cedera,-4
oven,-4
kumpul,-3
tumbu,-4
conteng,-3
satron,-5
rasialisme,-5
kilir,-3
gagu,-3
langking,-4
bicu,-3
dogol,-5
camping,-3
rugi,-5
kenang,-3
terban,-4
cutel,-4
amal,-4
caci maki,-5
analitis,-4
hipotesis,-3
sejuk,-3
pelik,-4
bubuk,-5
inhibisi,-4
hawar,-5
himpun,-3
tepi,-4
libat libat,-4
gamak,-4
tua,-4
kubra,-3
susuh,-4
ingsut,-3
cacau,-4
belis,-4
tinju,-3
oyak oyak,-4
embarau,-3
urut urut,-4
santak,-3
alobar,-4
musnah,-5
santap,-4
kembang biak,-3
resek,-4
kelas,-3
jalan bentar,-4
colak caling,-5
tun,-4
gelut,-4
cacat,-5
buntang,-4
rugi,-5
uring uring,-5
colok,-3
gedembai,-4
dupleks,-3
antusias,-3
rompeng,-4
sagang,-3
benderang,-3
tenggan,-3
cabar,-4
cabar,-4
celopar,-4
sungkit,-3
pongah,-5
tarung,-3
mara,-4
cabuh,-3
cupet,-5
ganjal,-4
rompak,-5
konotasi,-3
ajaib,-4
busut,-4
mangkel,-4
pacak,-4
ringan mulut,-4
main muda,-3
acau,-4
telan,-5
nyelekit,-4
balung,-4
selir,-5
pilon,-3
gingsir,-3
lalim,-5
suntik,-3
takul,-3
tebal,-3
merana,-4
tak,-3
bengkak,-4
balut,-3
duduk perut,-3
sahih,-3
hantam,-3
kaos,-4
kirai,-3
lembap,-4
orbit,-4
wimana,-4
peres,-3
gontok,-4
transformasi,-3
kolot,-5
rajin,-3
suap,-3
damai,-3
rincu,-4
balur,-4
mamang,-4
semangat,-3
asa,-3
pengaruh,-4
jarak,-4
patos,-5
perkakas,-3
alih bentuk,-3
asfal,-5
tunu,-4
tambak,-3
oyak,-4
siar,-4
injak,-3
hirup,-3
memble,-3
siat,-4
bonceng,-3
rucah,-5
penghisapan,-4
kasur,-4
susu,-4
rombong,-4
cukur,-4
selusuh,-3
gambar,-3
kacau,-4
timpuk,-5
main mata,-5
dongok,-5
jorok,-5
lebu,-3
lamban,-4
bijak,-4
sekongkol,-4
antagonisme,-4
hindar,-4
benta,-5
becak,-5
mengkal,-4
beban,-5
sekedup,-3
serikat,-3
tangkap,-3
ceronggah,-4
kait,-3
cerabih,-4
anak pinak,-3
tenggang,-3
perak,-4
coblos,-3
jompo,-3
dekat,-4
dendeng,-4
sedia,-3
ira,-3
gorek api,-4
safa,-4
riuh,-3
sembam,-4
gayung,-4
isotop,-3
selak,-3
kait,-3
bawa berat,-3
proses,-3
pandai,-4
imbal,-3
cicik,-4
kesah,-3
henyak,-4
insaf,-4
tunjuk,-3
latis,-4
tagut,-4
iring,-3
bebas,-4
pemberitahuan,-3
mungkar,-4
jejak,-4
serawak,-3
gurau,-4
cuka jawa,-5
marah,-4
pegari,-3
bulevar,-4
sendiri,-4
indusemen,-3
kacuk,-4
cicik,-5
kawan,-4
jurik,-4
leta,-5
berangai,-5
obrol,-4
cacing tanah,-4
tubuh,-3
asor,-5
dengung,-4
aduk,-3
sebit,-4
basmi,-5
parau,-4
tumpang,-3
tulah,-4
aswad,-4
jelma,-3
lampau,-5
tata,-4
bukti,-4
putar putar,-4
tipeks,-3
singkat,-3
apkir,-4
gonjak,-5
berat kepala,-5
debat,-5
gontok,-4
belai,-4
mikro,-3
gemas,-5
sembul,-3
tobak,-3
ampela,-5
hidup,-4
terang,-3
sembam,-4
gentar,-4
gombong,-3
pancur,-3
kopyor,-4
sipongang,-3
cabau,-4
tolol,-5
taji,-4
musibah,-5
gembung,-3
ibunda,-5
gemuk,-3
lombong,-3
gundu,-4
sulut,-4
cetek,-3
ganduh,-3
kabul,-3
naas,-5
cengkau,-4
anak cucu,-3
acak,-4
sembunyi sembunyi,-4
sepai,-5
manipulator,-4
iktikad,-4
antara,-3
cekok,-3
caran,-4
lebur,-3
kembar,-3
cabau,-3
divergensi,-4
rombeng,-3
redik,-5
bongok,-3
berus,-4
sentuk,-4
injak,-3
silih,-3
resah,-4
gelatak,-4
instansi,-3
kerik,-3
sempit,-4
jolak,-3
bersikukuh,-4
sokom,-4
hinggap,-3
ogah ogah,-4
drama,-4
kenes,-3
tepu,-3
usang,-5
terpa,-3
tarak,-3
opium,-3
kolam,-3
gigis,-4
selerang,-5
berat tulang,-4
tumor,-4
murka,-5
acu,-4
seberang,-3
tepi,-4
musuh,-5
jilat,-3
sangkal,-5
ikut,-3
penjuru,-3
gedor,-4
waham,-3
telinga lembut,-3
rayah,-5
denai,-4
farak,-3
salah tingkah,-4
garu,-4
langsai,-3
ganas,-4
tanggang,-5
adat,-5
bruto,-3
celuk,-3
baskom,-4
surih cakap,-5
rincis,-4
apit,-4
tatak,-4
telaah,-5
liang,-3
biarawati,-3
condong,-5
kotor,-5
luang,-3
mairat,-5
apit,-3
timbang,-3
sarit,-4
nyawa,-5
kotor,-5
geret,-3
senggau,-4
senggak,-5
kacip,-3
seksualitas,-5
juz,-4
dapat,-3
sarik,-3
bayar,-3
sia sia,-3
obar,-4
cena,-3
dusta,-4
berak,-5
tahu,-5
cuca,-5
antap,-5
tikam,-4
embek,-3
amin,-3
rongga,-3
landas pesawat udara,-4
larat larat,-4
tekad,-3
empuk,-4
tidur,-4
bidai,-4
konkurensi,-4
sanding,-5
delegasi,-4
isbat,-3
tinja,-5
lawan,-4
pengar,-4
ikan kena tuba,-4
ceriwis,-4
kutut,-3
genjang,-4
usul,-4
filo,-3
gesek,-4
babil,-4
hapus,-4
mupus,-3
jajal,-4
abolisi,-3
doa,-4
kawula,-3
compes,-4
atur,-4
kelipar,-4
jerepet,-3
hunjam,-4
pelet,-3
aparatus,-3
jelek,-5
sungguh,-3
tagih,-3
kacang,-4
lengah,-4
jauh hati,-3
conteng,-3
tumbuk akal,-5
lengas,-4
lepas,-5
gurau,-4
kharab,-5
keputusasaan,-5
palat,-5
validitas,-3
sinar,-3
sabak,-5
feses,-5
gebok,-3
teles,-4
palolo,-4
liang jimak,-4
tutup,-5
setor,-3
bunduk,-3
bodoh,-3
potel,-5
bendu,-4
mukim,-4
banat,-4
usrek,-5
keji,-3
serindai,-5
fatwa,-3
bahan,-4
lafal,-4
langkau,-5
gembrot,-3
tanda,-3
sistematik,-3
cekluk,-4
tensi,-4
suni,-4
modal,-3
sistematis,-3
larut,-5
lepas,-3
takar,-5
informasi,3
osteoporosis,-5
ajang,-3
geret,-3
hakam,-3
jengkang,-5
kerising,-4
turun,-5
kalang kabut,-4
urita,-3
kawin,-3
lerai,-3
geletik,-3
congek,-3
gosok,-5
angkut,-5
labuh,-4
ketus,-4
solek,-4
senyur,-4
dakwa,-4
sirep,-3
bunga hati,-3
tusuk nusuk,-4
pekik,-3
tumpas,-5
susur tangan,-3
safinah,-3
robek,-3
aplikasi,-4
mustaka,-3
tunggu,-3
cekat,-3
ketul,-3
cantol,-3
insinuasi,-4
terima nyata,-4
korupsi,-4
tongkrong,-4
olet,-3
turut,-3
jengkel,-4
teman,-3
gelup,-4
resah,-5
lalah,-5
belati,-4
lahang,-3
laur,-4
caplak,-4
anak,-3
gang,-4
telanjang,-3
oceh,-4
anggur,-4
puput,-3
buka mata,-3
kiamat,-3
sanggah,-4
tendang,-5
interupsi,-5
runjang,-3
sera,-5
jerat,-3
eklektis,-3
antara,-3
terpa,-3
cura,-5
sila,-4
serah jiwa raga,-4
aneksasi,-5
waras,-3
sun,-3
timbang,-3
darah,-4
sember,-4
cabang,-4
tambak,-5
cemar,-4
jeput,-3
drop,-4
mangut,-4
sorang,-3
dangkal,-4
spion,-3
luk,-3
kesomplok,-4
cengkelong,-5
pengang,-3
formal,-3
prosais,-3
seni,-4
gebung,-5
cemas,-3
gabal,-5
sayat hati,-4
sela,-5
belu belai,-4
bohong,-3
kembung,-3
kehuru hara,-4
keliru,-5
serabutan,-5
batuk,-4
rawat,-3
gerepes,-4
sayat,-5
balairung,-3
seru,-5
samar,-5
ingsut,-3
siklon,-4
tentang,-5
bunga,-3
rancap,-4
diskrepansi,-3
rancau,-3
pusu,-3
gencat,-5
tonggak,-4
puyan,-4
kerumun,-4
lalai,-3
enas,-5
muak,-5
lincah,-3
rancak,-4
telantar,-4
mati pucuk,-5
congkak,-3
apkir,-4
rapat rapat,-3
cakus,-4
gasak,-5
wujud,-3
morfin,-3
bongkong,-3
sabung nyawa,-3
gaul,-3
aco aco,-5
colek api,-4
sikat,-5
timbang,-5
ami,-3
bergajul,-5
erang,-3
slebor,-5
tebar,-5
birah,-3
aja,-3
caci,-5
keluh,-3
mulus,-5
tuah,-3
demek,-4
cekik,-4
lihai,-4
sempena,-3
taun,-5
gunung,-3
akar,-3
taut,-4
raguk,-3
tuas,-3
merdesa,-5
mala,-5
keder,-4
tugas,-3
camuk,-4
pusung,-3
kincit,-5
cemeh,-4
kafilah,-4
lolos,-4
hati walang,-3
pisah,-5
menceret,-5
inaugurasi,-3
jebur,-5
rompong,-3
tingau,-4
hapus,-3
tahi,-5
hina lanyak,-5
tapa,-3
sadau,-3
semangat,-4
permai,-4
cerita burung,-5
lusuh kelasah,-5
tuba,-5
serta,-3
tunda,-3
sandar,-4
narasi,-4
ons,-5
bengkok,-4
perut,-3
ketes,-3
timbang nimbang,-3
marah,-5
buang air,-3
sumbing,-4
seranah,-3
seman,-5
sigap,-3
wangsit,-3
cungkil,-4
uar,-3
bentak,-5
jodoh,-3
asumsi,-3
cupul,-5
lompat,-5
tulang,-4
arbitrer,-5
pikir,-3
kerosek,-3
jobak,-3
serenging,-5
tumbuk,-4
jongkok,-5
teks,-3
ranai,-4
hakiki,-4
geladir,-5
anak air,-4
sangsi,-5
embat,-4
susah,-5
garang,-5
bangkang,-4
lintar,-3
dangkap,-3
kejar,-3
sedia,-3
el,-3
erot,-4
temu roma,-4
mam,-5
serampang,-5
anjur,-3
bekicot,-4
bangle,-4
usik,-5
teladan,-3
patuk,-5
daya upaya,-4
patut,-5
taut,-4
sungkit,-4
lata,-5
bengkerap,-4
senat,-3
corak,-3
kerabat,-4
luntur,-3
baran,-5
deklarasi,-3
relevansi,-4
kedut,-4
idola,-3
toboh,-4
cerai,-3
senteng,-5
refleksi,-3
jihad,-3
simpatik,-4
timbul,-3
timbun,-3
cekluk,-3
kunarpa,-4
pialang,-3
tubuh,-3
udak,-3
berat ekor,-4
kasep,-4
keremus,-4
gagap,-5
patut matut,-3
cakap angin,-4
cercah,-5
kubur,-3
gembil,-4
hilang semangat,-4
reken,-3
bakar,-4
tengah,-5
sambit,-5
belingsat,-4
lembaga,-3
seluk beluk,-4
sita,-5
oyong,-4
buku,-5
belah,-3
tancap,-4
bebat,-3
susup,-3
pendek akal,-3
beli,-3
lengang,-4
sembilu,-4
mumi,-4
cempala mulut,-5
putih,-4
alas,-4
tetes darah,-3
bulsak,-4
gapura,-4
untung,-3
babil,-4
ajar,-5
angkup,-3
gereget,-4
tinju,-5
kisruh,-4
inferior,-4
kunyah,-4
titik berat,-3
ahli bahasa,-3
tengkar,-5
dampar,-5
cempelung,-5
tata,-3
gempur,-3
jemari,-4
resesi,-5
bongkar bangkir,-5
reca,-3
roh jahat,-4
pub,-4
berat otak,-4
tarak,-3
kias,-4
muram,-5
tutur bahasa,-3
basi,-5
singsing,-3
tindas,-4
sayu rayu,-3
tangis,-5
ampel,-3
haru,-4
lotre,-5
amtenar,-3
ketuat,-4
arik,-3
dongkel,-3
riuk,-3
wejang,-3
rompyok,-5
cincong,-4
bangai,-3
kuno,-5
ketumbu,-4
sengsara,-5
dina,-5
tekek,-3
keremus,-4
sapi jantan,-3
warta,-3
pumpun,-3
lawan,-4
sivilisasi,-3
batuk lelah,-4
lalu,-4
beda beda,-3
kapal,-3
laksana,-3
emper,-3
desak,-4
cetak,-5
tumpul otak,-3
tegak,-4
bentok,-4
suruk,-5
talun talun,-3
stori,-5
bongak,-5
tokok,-3
renyem,-3
ruyup,-5
embus,-3
hitung,-3
jamin,-5
kering,-3
cumbu,-3
gempita,-5
tarah,-3
kardinal,-4
edar,-3
pada,-3
lebar,-3
tumpas,-5
akar,-3
kilah,-4
gebang,-4
tonjol,-3
goyah gerak,-4
gema,-4
metode,-5
keras kerasan,-4
pantai,-4
karat,-4
pantak,-4
gara gara,-5
bara,-4
legalisasi,-3
gurau,-4
ginding,-4
tunggul,-3
karu,-5
kilang,-3
tosan aji,-4
mulut gapil,-4
agen,-3
tekan,-3
adab,-5
selinap,-5
doa,-3
timpang,-4
parlente,-4
sontak,-4
gendut,-3
gel,-3
sisalak,-4
zero,-3
lantak,-4
tian,-3
pasal,-4
simak,-5
main kayu,-3
azimat,-4
jalar,-3
kompleksitas,-4
kerkau,-4
garit,-3
selubung,-5
jembalang,-4
sirah,-5
agam,-3
silang selisih,-4
bangkit,-5
amah,-5
ceracau,-4
cegak,-4
ceracam,-4
korek,-4
watu,-3
dua,-3
indolen,-4
sapi,-3
goyah,-4
muflis,-4
kerabat,-3
kedai minum,-4
kabin,-3
pekir,-4
zikir,-3
lidi,-5
satu,-3
semaput,-4
kempa,-3
rangkul,-3
landas,-4
serang,-3
pukul,-3
ukir,-5
hamil,-5
bobol,-5
tumpang,-3
gaduh,-3
cengung,-3
hamik,-3
kambuh,-4
tukar,-3
tukas,-5
bahlul,-5
runyam,-3
makan bawang,-5
sodor,-3
ingsut,-3
sangit,-5
belendung,-3
malu mata,-4
bersiteguh,-4
aga,-3
temperas,-3
ranggah,-3
reput,-3
birah,-3
ayun,-3
berantas,-5
tudung lingkup,-5
nyenyak,-4
sumpek,-4
guam,-4
periksa,-5
kada,-3
langkap,-3
nyala,-4
inai,-4
garang,-4
giang,-3
rayah,-5
habis,-4
sangkut,-4
langkan,-3
ambil,-5
urun,-4
cemat,-5
nyenyat,-4
golak,-5
zina,-4
pikir,-3
cahaya,-3
noda,-5
talun,-3
bedel,-4
kasip,-5
sila,-4
sapit,-3
terpa,-4
keran,-4
selisih,-5
kerai,-4
oposisi,-3
hardik,-5
sifer,-3
sakat,-4
ranyah,-5
hambat,-5
gerombong,-4
rambak,-3
cadang,-5
gela,-3
daging tumbuh,-4
tongkat senduk,-3
serah,-4
lelembut,-4
tembis,-5
murus,-5
tukar akal,-4
mundur,-5
rengeh,-3
angit,-5
tajak,-3
porak poranda,-5
jungkal,-5
reba,-5
laden,-5
retak,-4
belulang,-3
jembel,-5
bersih,-4
biksah,-5
mayit,-4
sampuk,-4
inga,-4
afiliasi,-4
kaki ayam,-3
sesuai bunyi,-3
kendur,-3
gelogok,-3
hancur,-4
cengung,-3
lambang,-3
pangku tangan,-4
redik,-5
bangkai,-4
defisit,-3
getar,-3
kelangkan,-3
tapa tapa,-3
semenggah,-5
kejar,-5
baktau,-5
cacing,-4
gabung,-3
uyuh,-3
pilu,-5
baik,-3
regu,-3
cendala,-5
kempis,-3
awal,-3
panggang,-4
rukun,-3
bambung,-3
perlus,-4
bandit,-5
omong,-4
geleng,-3
cela,-5
seberang,-3
palit palit,-4
sembahyang,-3
gaung,-3
sembur,-4
sabung,-3
lecap,-4
dapra,-3
bocor,-4
himpun,-4
sara bara,-5
banteng,-3
gamit,-3
sempuras,-3
onyok,-3
kabinet,-3
sera,-3
maherat,-4
onak,-4
cabuh,-3
kuliah,-4
rapun,-4
gosok,-3
dum,-3
rasio,-4
satire,-3
getap,-4
jerumus,-4
jeraus,-3
pa,-5
selalu,-3
khabis,-3
muka,-3
sadur,-3
pangkal kerongkongan,-5
iman,-3
masak,-3
cium,-3
awut,-4
kronis,-5
parokial,-3
cotok,-3
antun,-3
kuyu,-5
pasang hidup,-3
udara,-4
biji buah,-3
mitra,-4
tabung,-3
suka suka,-3
perli,-5
abon,-4
dinasti,-3
cegah,-5
beranang,-3
nanar,-4
nakal,-5
dungas,-3
senyap,-4
muat,-5
tindas,-5
grip,-4
buruk,-4
huda,-3
kayangan,-5
alai belai,-3
domba,-3
siksa,-5
sumpah serapah,-5
kotor,-5
rim,-3
cerup,-3
jotos,-5
ragam,-4
goyang,-4
geladah,-3
lingsir,-5
open,-3
obsolet,-5
bengis,-5
ongkang ongkang,-4
anggai,-3
gemeletek,-4
maki,-5
otak telur,-5
gering,-5
paku,-3
padu,-3
telanjang,-4
rute,-4
konsistensi,-3
akhlak,-4
pusing keling,-5
nyanyang,-5
dekil,-5
tapak kaki,-3
bonus,-3
cahari,-3
partai,-3
seluk beluk,-4
gemblung,-3
kenyih,-4
tambus,-4
gaduh,-5
bentrok,-5
paganisme,-5
cinta,-3
seko,-3
gabuk,-4
tiup tiup,-3
seloroh,-4
keletah,-3
sampur,-3
pamer,-3
laksana,-4
rencah,-4
dongkol,-5
sampul,-3
sampuk,-3
langis,-5
cempera,-5
malapetaka,-5
ampu,-5
peluru,-3
tim,-4
sorong,-3
lacur,-5
diskredit,-4
kendati,-3
pasak,-4
kolusi,-5
buka,-3
izin,-4
garib,-4
hirup,-3
debar,-4
panji panji,-3
rengsa,-4
saksama,-5
guyon,-4
butek,-3
sama,-3
remang,-3
tapak,-4
kolaps,-5
bengap,-3
sabot,-3
tekan,-3
kecipir,-3
tentang,-4
dwiganda,-3
gaung,-3
aib,-5
ruak,-4
teknik,-4
khalwat,-3
wasit,-3
tampik,-4
tidakjelasan,-5
empang,-3
ganggang,-3
kukuh,-3
gunting,-3
jelu,-3
pretel,-4
intimidasi,-5
hadang,-5
sepit,-3
cerup,-3
jariji,-4
hukum arestasi,-3
didis,-4
didih,-3
babat,-4
sendi,-4
bukat,-4
sunam,-3
kotor,-4
garis,-3
kejut,-3
tanggulang,-5
tubruk,-4
kukul,-3
jembatan,-2
sambar,-3
tumandang,-3
begana,-4
alamiah,-3
hantam kromo,-4
babil,-4
puaka,-3
azab,-3
pikat,-4
laknat,-5
pura pura,-4
lungkang,-4
cura,-4
kasim,-4
loya,-4
bembam,-4
kedut,-5
telimpuh,-3
coba,-5
hengkang,-4
akreditasi,-3
darat,-4
leler,-4
senior,-3
tindas,-5
dompleng,-3
dahiat,-5
semak,-5
geligis,-4
minimal,-3
garit,-3
haru biru,-5
cempung,-4
madat,-3
parlemen,-3
tanggung,-3
ceruk,-3
talenan,-5
odoh,-5
budek,-3
jarum,-5
barbar,-5
tampuk,-3
sobek,-3
perang hati,-4
bingung,-3
peniti,-4
munding,-3
letup,-3
letus,-4
modar,-5
duyun duyun,-3
tengking,-5
ayun,-3
tempel,-3
singkat akal,-3
salak,-3
kebun,-4
hasad,-5
sanggah,-4
ziarah,-4
gilas,-4
selektif,-3
anak cucu,-3
gelegak,-3
muntup,-3
badan,-3
udak,-4
alahan,-3
keras,-4
kelamin,-3
oyok,-4
kunjung,-3
gelung,-3
rongga,-3
kelengar,-4
lopak lapik,-4
timpal,-5
mariyuana,-3
mahkamah,-3
tabur,-5
jerohok,-4
ringkik,-3
caba,-4
anekdot,-4
tenggarang,-4
embus,-4
kobar,-3
gelingsir,-3
leduk,-4
serengit,-4
sentil,-5
menggelinyau,-3
gondol,-5
kelimut,-3
gorong gorong,-4
aksa,-4
dengus,-3
mikat,-4
serik,-3
otak ayam,-5
kenyam,-3
begal,-5
ingkar,-3
grup,-4
runtun,-5
hina caci,-5
benah hati,-3
luncas,-3
kecoh,-4
darat,-3
syak,-3
lakon,-4
gumam,-3
bimbang,-5
tengkoh,-3
korup,-5
cura,-3
pranatal,-3
kerubung,-4
sepit,-3
uras,-3
adu mulut,-4
kulak,-3
cantrik,-3
titi,-3
gerombol,-4
invalid,-5
besi tua,-4
brokat,-4
cempera,-5
gagal,-3
nilai,-4
khatimah,-3
argumen,-4
keropok,-3
draw,-3
kuak,-5
amuk,-4
beslah,-4
cacing pita,-4
lelung,-3
tubuh,-4
batang,-4
beol,-5
caruk,-4
cengkam,-4
kenan,-3
bagus,3
banding,-3
carut,-5
sipongang,-3
bajak,-5
ladang,-4
awur,-4
aiku,-5
khianat,-5
pasok,-3
goyah,-4
tuntut,-3
cengger,-3
timpuk,-5
centang,-5
cacing palolo,-4
gagang,-5
cacing hitadid,-4
reaksi,-5
lipat ganda,-3
landai,-3
keping keping,-5
agak,-3
jalan layang,-4
gamat,-5
kocok,-3
bentak,-5
rum,-3
bentan,-4
ngeang,-4
mati,-5
miskin,-5
suram,-5
pekuk,-3
asmara,-4
praduga,-3
rejeng,-3
biak,-3
trayek,-4
arik,-3
wakil,-3
implikasi,-3
pulang,-3
posisi,-5
demonstrasi,-3
ambang,-5
penat,-4
kecewa,-3
caci maki,-5
tangkal,-4
banding,-3
travesti,-5
memang,-3
fatal,-5
celih,-4
manasuka,-4
perang mulut,-5
adam,-5
tasyakur,-4
goyang,-4
sayung,-4
embah,-3
sabil,-4
puruk,-4
manifestasi,-3
barut,-3
pantang,-4
sabit,-3
bahaya,-5
bohong,-4
takluk,-4
oleng,-3
beloon,-3
terkam,-4
horor,-5
lutu,-4
suka hati,-3
bantar,-4
akut,-5
ikhtisar,-3
guncang,-3
tanggul,-3
usak,-3
serampang,-5
presentasi,-3
kikis,-5
comblang,-5
jalang,-4
hasut,-4
polusi,-4
sumarah,-4
seleder,-5
firasat,-4
buncah,-5
yunior,-4
korup,-5
kabil,-4
kapuk,-3
fosil,-4
puaka,-4
ogel,-4
kecam,-5
biji mata,-3
bisa,-5
purbasangka,-3
kafe,-4
tampak,-3
kecap,-4
jarum,-4
awut awut,-5
jepit,-4
tugal,-4
kicik,-3
mesra,-3
gelopak,-4
senang,-3
rekam,-3
dapat,-4
khawatir,-4
peretel,-4
ngotot,-4
kontak,-4
panjat doa,-3
tunang,-4
karang,-4
bilik,-3
tentang,-5
tumbang vertikal,-3
serasi,-4
susul,-3
ikat rambut,-4
pera perai,-5
upah,-3
leja,-5
cebur,-5
tenang,-4
manggak,-5
tengkar,-5
getun,-4
polan,-3
burai,-5
tengku,-4
kecantol,-3
bala bencana,-5
menceng,-4
celoteh,-4
sesat pusat,-4
bendoro,-4
tipu,-3
aksioma,-3
ekor,-3
broker,-3
hadiah,-3
warna,-3
cerkau,-4
empas,-5
ganda,-3
belas,-3
kejar,-4
tua bangka,-3
gali,-4
daki,-4
budaya,-5
bulan,-4
sesal,-5
menghancurluluhkan,-4
bahtera,-3
jiplak,-3
dedemit,-4
belit,-3
janggal,-4
tingkuh,-4
taruh syak,-3
pincang,-4
sudi,-3
raut,-3
desa,-3
halang,-5
penis,-5
urgen,-4
pidana,-3
badai,-4
seringing,-4
jajah,-5
anak bukit,-4
risak,-4
redang,-4
salak,-3
ancai,-5
sawar,-5
ambau,-5
rida,-3
hujah,-4
wejang,-3
sosi,-5
gembol,-4
sirkuler,-3
timah panas,-3
tukik,-4
lorong,-4
taruh,-3
roda,-5
daras,-5
gadai,-3
sudu,-3
jeran,-3
megat,-3
tegang,-4
slip,-5
hangat,-3
jerit,-3
hisap,-3
pojok,-4
silu,-5
pentung pentung,-4
dera,-5
talas,-3
gebos,-5
dusta,-4
cuai,-4
caran,-3
resap,-3
jelek jelek,-4
usul,-3
sepenuh,-3
tedak,-4
pales,-4
desak,-4
gempur,-4
rintik,-3
solokan,-4
brengsek,-5
gaduh,-4
hawa,-4
sulalah,-3
batas,-3
ranyah,-5
junam,-4
terjang,-3
alkisah,-4
randu,-4
gulana,-4
kromatis,-3
belai,-3
gigih,-4
obral,-3
gurau senda,-4
batal,-5
batas,-3
gelagat,-4
gegetun,-4
gali gali,-4
awan,-3
cecap,-5
lepek,-4
pegal hati,-4
wedus,-3
sangga,-3
sertifikat,-4
butut,-5
rendah,-5
rusa,-4
cium,-3
plongah plongoh,-3
sobat,-4
tanggal,-4
wawa,-3
adu lidah,-3
memorakporandakan,-3
lengkap,-3
butuh,-5
murka,-4
kandung,-3
ikat janji,-4
dungu,-5
lulur,-3
kelati,-3
raba,-3
jamin,-5
engkau,-4
cempung,-4
antara,-4
buhuk,-4
semprot,-5
gosok,-3
lindap,-3
sungguhpun,-3
auta,-4
harap harap,-5
geret,-4
ingar,-5
labuda,-3
nihil,-4
selokan,-4
juru damai,-3
hantar,-5
lesu,-5
suram,-5
titi,-4
surah,-4
hukum,-3
amburadul,-5
cecer,-3
coret,-3
buang air,-5
peras,-4
cekuh,-3
langka,-5
riang gembira,-3
ambal,-4
bentang,-3
entak,-3
ribut,-5
hambat,-4
noda,-5
guyub,-3
globe,-3
cerai berai,-5
randek,-3
lerak,-4
banal,-3
bogem,-5
kritik,-5
sekutu allah,-5
menir,-4
terjun,-5
hampa,-3
sangkak,-5
gelisah,-4
ladah,-5
calit,-5
langgar,-4
tumbang,-3
keruh,-3
injeksi,-3
bangang,-3
tunjang,-3
residivis,-5
deras,-3
kritis,-5
sekutu,-5
bobot,-5
peruk,-4
lajat,-5
linang,-3
celonok,-3
tamu,-4
kaus,-4
buncah,-4
kewalahan,-3
kernyih,-4
mudik,-3
melankoli,-5
hardik,-5
kanak kanak anyir,-3
timbang,-3
satu,-4
ragu,-4
dasar,-4
cirit,-5
lungse,-4
cerabah,-5
orang halus,-4
bufer,-3
abar,-5
sempurna,-3
raja,-3
bimbing,-3
buas,-5
kuat,-4
belit,-3
tanam,-5
sajen,-4
anak penak,-3
liplap,-3
kocok,-3
caci,-5
zat mabuk,-3
gamak,-4
retas,-3
pariwara,-3
gamam,-4
aru,-5
lewat,-3
tenggang,-4
sedot,-3
adegan,-4
capak,-4
kufur,-5
capai,-5
kerbau,-3
bercak,-5
lumer,-3
layak,-5
sirap,-4
selak,-4
kumbang,-4
vagina,-4
ulas pers,-3
gulung tikar,-5
absorpsi,-3
cabik,-3
latah,-5
puak puak,-4
henti,-5
kekol,-3
seladang,-3
ihwal,-4
cendekia,-4
gohong,-3
kubur,-3
amandel,-5
kepetang,-3
pasang,-3
kelompang,-3
selesai,-4
ras,-4
udi,-5
tilas,-3
sakit sakit,-4
asal,-5
hampa,-5
bendung,-3
lenyap,-5
timburu,-5
tampel,-3
tepi mata,-3
tangap,-5
sedia,-3
paralelogram,-4
labrak,-4
cerita,-4
belanja,-3
unam,-3
cema,-5
idap,-5
perban,-3
lipat,-3
boksen,-5
pijat pijat,-5
sabung nyawa,-3
pampat,-5
minhaj,-4
defekasi,-5
abdi negara,-3
lalat hijau,-5
bawat,-5
kirap,-3
mengirat,-5
asah,-3
tolok,-3
anak cucu,-3
perlina,-3
mil,-3
terban,-4
bunda,-5
kesah,-3
anglo,-4
bongkar,-4
krista,-4
hitam,-4
blobor,-3
rampus,-5
jari,-4
hembalang,-3
destar,-4
cekak,-4
cemburu,-5
resonansi,-3
gurun,-3
tumpul,-3
guruh,-3
induk semang,-4
gerombol kawan,-4
kepala udang,-3
pancar,-3
sendal,-3
bosun,-4
gurub,-5
batuk batuk,-4
ovipositor,-3
intrinsik,-4
dadah,-4
awi,-3
tumpur,-5
putau,-3
ampai,-4
ifrit,-4
lengkur,-3
selentik,-4
embal,-4
lahap,-5
jangkit,-5
mencampurbaurkan,-4
bencana,-5
parak,-4
tunasusila,-5
ampas,-3
kepada tuhan,-3
ralip,-5
kepal,-5
harap,-3
mulut gatal,-4
cucuk,-3
galak,-4
tangkap,-3
usap,-4
anak ana,-3
hardik,-5
jernih,-3
alih,-3
dongkrak,-3
tunduk,-4
cukup,-3
timpang,-4
nis,-3
liwa,-3
peng,-3
ceker,-3
vonis,-3
belinjo,-3
racik,-4
dasar,-4
rompoh,-4
sulfur,-3
pancang,-3
kencar kencar,-4
hantu,-4
bangkit,-4
lela,-4
silap,-4
gemal,-5
habis akal,-5
kidib,-3
selidik,-5
kabar burung,-5
gemas,-5
debat,-3
silam,-4
beri,-3
angkat,-3
histeris,-4
tegur ajar,-5
korban,-3
merinding,-4
lali,-4
kemamang,-4
cepat,-3
garis,-3
incang incut,-4
pikul,-5
tarik,-4
ning,-5
ganar,-4
ganas,-5
kesup,-3
bir,-5
influensa,-3
hindar,-4
durjana,-5
tabrak,-3
biarpun,-3
setek,-4
kantong perut,-5
conteng,-3
pelesit,-4
lumut,-3
simpang,-4
kawan,-3
dialog,-3
ujung,-3
ikat,-5
teguh,-3
kirim,-5
lepas,-3
khasi,-4
jenaka,-3
calit,-3
goncang,-3
gumul,-4
bencana,-4
gelisah,-5
redam,-5
nestapa,-3
sidik midik,-3
stagnasi,-5
lingkup,-5
blaster,-3
rentak,-3
tubruk,-4
penuh sesak,-3
kakas,-3
celomok,-4
paut,-4
cacing rambut kuda,-4
moncong,-3
senta,-5
gesel,-3
rempak,-4
bangsawan,-3
gesek,-3
kukur,-3
diskredit,-4
kelam,-4
bujuk,-3
amput,-3
jahit,-5
adil,-3
salut,-3
pukul,-4
alienasi,-3
kukuh,-4
geser,-4
tali jantung,-3
titi,-3
lengkesa,-3
durkarsa,-5
sesat,-4
puncak,-3
puatang,-5
tangkas,-4
komunikasi,-4
pusang,-5
sempelah,-4
turun,-5
bakti,-3
untung,-4
romong,-4
morat marit,-3
pacak,-3
jalur,-4
gebu,-3
tekak,-5
murca,-4
lisut,-4
cemplung,-5
distingsi,-4
gerobak,-4
buletin,-3
kecoh,-5
teologis,-4
jeramah,-4
jiplak,-3
garwa ampil,-5
mungil,-4
sumpit,-3
sara,-3
anggur,-4
menggerenyam,-3
epigon,-3
rayau,-4
rentang rentang,-5
rayap,-3
pipih,-3
ban,-5
aparat,-3
kucar kacir,-5
daulat,-3
nyaman,-4
krisis,-4
pengap,-4
adon,-4
spektakel,-3
keras kepala,-4
seruput,-3
lawas,-4
cagar,-3
padang pasir,-3
minim,-3
singkap,-4
serak,-3
selebaran,-3
buka,-3
leting,-3
garong,-5
beda,-4
cembung,-3
kuwur,-4
cerita reka,-4
cengang cengang,-3
bosman,-4
bisu,-4
domot,-5
libat,-3
sirna,-5
aba aba,-3
karavan,-4
suka ganggu,-4
luang,-3
penggal lidah,-5
ekofraksia,-5
baterai,-3
pertiwi,-3
telik,-3
lebih,-3
geramus,-4
sayu rawan,-3
sepuk,-5
sajak,-3
prosa,-4
kupak,-3
cerna,-5
cemooh,-4
gila,-4
beleter,-4
jahat,-4
anom,-4
begal,-5
tarekat,-4
rawak,-5
tupai,-5
kasemat,-3
rawan,-5
abnormalitas,-4
cukup,-3
jalan,-4
cemuas,-4
dam,-3
ekspirasi,-3
singgang,-4
imbang,-5
tarung,-4
rasi,-3
cacing gelang gelang,-4
ludes,-5
pedas,-4
pedar,-4
waswas,-3
tonjok,-3
aju,-3
buang hajat,-5
bosan,-3
bala,-5
taksa,-5
rombeng,-4
daya,-4
parap,-3
larat,-3
pelor,-3
gastroenterologi,-5
bangbung,-4
bentur,-3
karang,-3
ongok,-3
saku,-3
tagak,-5
safih,-4
tulang punggung,-3
pijar,-3
ganas cabul,-4
titis darah,-3
jaras,-5
henti,-5
rengsa,-5
serang,-3
kalimat,-3
beset,-4
jantung hati,-3
cuca,-3
bebel,-5
sukaria,-3
konveks,-3
beli,-3
histeria,-5
tahan,-5
konsumsi,-4
jun,-5
uyuh,-3
komunitas,-3
silang sengketa,-4
bentur,-4
korek api,-4
lambat,-4
adu,-3
mantik api,-4
bulus,-5
detak,-3
golong,-3
besot,-3
resultan,-3
hias,-4
kerubut,-4
buluh,-3
nira,-3
resurjensi,-5
tonton,-4
tiup,-3
renung,-3
lalap,-4
muring,-5
percaya,-3
geletar,-4
tengkar,-4
iring,-4
seka,-4
selekeh,-3
cincong,-5
hilang,-3
lalah,-4
lalak,-3
bingit,-5
ronggang,-3
tunggak,-4
kisi kisi,-4
rumbing,-4
lahir,-3
lenyap darat,-4
jenazah,-4
pagi,-3
candal,-5
canda,-3
cat,-3
isi,-5
puspamala,-3
gempil,-4
beber,-4
kritik,-5
tetas,-4
baret,-3
cekam,-4
ikat,-3
aduk,-4
dakap,-3
lelah,-3
kisi,-3
gabung,-4
sadur,-3
tempiar,-3
tuil,-3
silap mata,-5
bantai,-5
lintang,-4
handai,-4
serutu,-3
pesawat,-3
empos,-3
gempur,-4
ganteng,-4
sambar,-3
bedeng,-3
guncang,-5
kelompok,-5
silam,-3
belam,-3
belai,-4
cegat,-3
rajalela,-4
lancut,-4
tabrak,-4
tampil,-3
tampik,-4
tipu,-4
ganjar,-3
kereseng,-4
tikai,-4
moral,-4
sasana,-3
liput,-3
restoran,-4
iris,-4
bisul,-4
palka,-3
jorok,-5
lembu,-3
sarung,-3
tafakur,-3
gundal,-3
balik,-5
teliti waskita,-3
gundah,-5
yuwaraja,-4
cacing kentar,-4
bangkrut,-5
rusuh,-5
terbang pikir,-4
kera,-3
pacak,-4
pacar,-3
cengkedi,-4
sanggup,-5
cocor,-3
solid,-3
kampung,-5
ayal,-3
bahan,-3
suka suka,-3
nuzul,-4
iris,-5
jejal jejal,-3
jejap,-4
belang,-5
agung,-4
alat negara,-3
banci,-5
ingsar,-3
tika,-5
hancai,-5
gemuruh,-4
tugur,-3
mulus,-5
kitab,-3
ilat,-5
sempuras,-3
selar,-4
sadran,-4
cium tanah,-5
mangkir,-3
pasu,-5
beranta,-5
bacar mulut,-4
uit,-4
mesum,-5
gamblang,-5
kemam,-3
kemal,-4
keluarga,-4
salah,-4
mambang,-4
ketam,-3
kecewa,-3
lalai,-4
ragu ragu,-3
kuning,-4
gaib,-5
gilas,-4
ajuk,-5
sesal,-5
terjang,-3
empang,-5
encang,-3
nista,-5
azab,-3
beloh,-5
nal,-3
belot,-5
guncang,-4
ronta,-3
lenceng,-3
sapu nyapu,-4
kecut,-4
ekspres,-3
jeblok,-5
mengerinyau,-3
gertak,-5
kurap,-4
buari,-4
dekap,-3
duri,-4
dakwa,-4
kanji,-3
perang mulut,-3
dura,-3
alku,-5
sampuk,-3
lelap,-5
selubung,-5
meleset,-3
kepompong,-5
celampak,-5
lubang jarum,-5
kurbal,-3
hinggut,-3
gegar,-3
lelap,-3
jalan setapak,-4
jalan tikus,-4
sentong,-3
rel kereta api,-4
balai,-3
tangis,-5
jangkit,-4
meteor,-4
sunggit,-4
batu loncat,-3
bondong,-4
gerenyot,-4
hitam,-4
lebih,-3
derum,-4
berangsang,-4
genap,-3
coreng,-4
musnah,-5
pijak,-3
nona,-3
cerita anak,-4
gerinjam,-4
keseleo,-3
grecok,-4
sorong,-3
ceroboh,-5
genah,-5
kemu,-3
selip,-3
hubung,-3
fakta,-3
rembas,-5
rampak,-5
tengking,-5
pencil,-5
kepinding,-5
keliru,-5
abar abar,-5
leyu,-4
banding,-3
gebos,-3
pilak,-5
cacing keremi,-4
nyenyeh,-4
kantong kering,-4
garuk,-3
senewen,-4
tetap,-5
kacang botor,-3
hai,3
rekam,2
ekstensif,3
paripurna,1
detail,2
pernik,3
belas,2
welas,4
kabung,1
rahayu,4
maaf,2
hello,2
promo,3
terimakasih,5
cover,3
mohon,2
awal,2
statistik,1
keluang,3
jalan buka,3
banyak,3
lebar,3
bentang,1
silah,3
semboyan,2
tunggu,2
akses,2
terang,2
hi,1
bantu,2
makasih,4
halo,1
thanks,3
kembang,3
diva,2
segan,2
detail,1
segan,2
aktivasi,2
asih,3
kasih sayang,5
kagum,4
hangat,4
afeksi,2
renjana,2
amor,2
cinta kasih,5
tresna,2
filantropi,2
cintrong,2
suasana hati,1
dinamika,3
tuhan,3
merespon,3
makmur,4
suka cita,4
guna,1
tunggu,1
lotre,2
tidak,1
kupon,3
pelihara,4
awat,5
sadar,3
tari,1
gejolak,1
kejut,3
pesta,4
getar,1
allah,5
labuh,3
daftar,1
negosiasi,2
revolusioner,3
follback,1
pelamin,4
yasalamualaika,3
uang lelah,2
parsel,2
amplop,3
kenang kenang,3
asih,4
uang rokok,2
persen,2
baksis,2
tanda mata,2
angpau,4
hibah,4
upa,2
bingkis,4
suvenir,4
sudi,2
akar,2
makan,1
masyhur,4
reputasi,2
gelar,2
serep,2
invite,1
nyanyi,2
dendang,2
gita,2
gending,1
lagu,2
rintis,2
gelora,2
antusias,2
ringan tangan,4
bara,2
nyala,2
langgan,2
denyut,2
sungguh sungguh,4
rintis,2
jalan bebas hambat,2
tarekat,2
bajing,1
bopong,1
lezat,2
getar,1
peran,2
debar,2
raba,1
degub,1
partisipasi,3
kuntit,1
hayat,3
mitra,2
terima,2
sohib,3
iktikad,2
yakin,3
iman,3
percaya,2
hajat,1
senyum,2
haloo,3
tarik hati,3
cedayam,2
hasan,3
tumandang,1
benar,3
hellooo,2
mari,1
baik,5
ulung,4
good,5
sila,1
main,2
alhamdulillah,5
unek unek,2
sesal,1
saksi,1
menang,4
hiii,1
suara,3
menginterprestasikan,1
taksir,3
imla,1
antisipasi,3
tafsir,2
arti,1
asosiasi,3
borong,2
payu,2
beli,2
tertawa,4
orak senyum,2
mesem,2
senyum,4
oke,4
ayo,4
mari,4
ayo,4
lincah,4
buru buru,1
kencang,3
buntut,1
kilat,3
kunjung,3
dahulu,2
lekas,2
akas,2
terampil,4
jeraus,2
pagi,1
pesat,3
sebat,1
kawal,1
kawal,4
gugah,2
pustaka,4
sir sir,2
pelihara,3
patroli,2
kitab,2
ronda,2
sambang,2
guru,3
tuntut ilmu,4
latih,4
timba ilmu,4
aji,4
teladan,4
cari ilmu,4
luck,4
sekolah,3
gali ilmu,4
desak,1
telaah,2
mahir,4
harmonisasiuniv,2
takut,1
sreg,2
satu,3
wangi,4
pulas,4
merdu,5
harum,5
legit,4
inkorporasi,3
serunda,2
helloo,1
page,2
serempak,3
sinkron,1
tolong,3
diam,2
panti,2
rumah,3
simplistis,3
jejal,1
perfek,4
tayib,2
memejahijaukan,1
tayibah,2
jamil,2
mungil,3
rancak,5
isi,2
necis,4
sidang,1
estetis,4
firasat,1
cawis,2
dandan,4
andini,2
indikasi,2
sedia,4
saji,4
sholat,5
pasti,3
suguh,2
panjang,2
fiesta,3
damping,1
jomblo,1
medali,4
dekat,1
artistik,4
imut imut,4
langkah,4
langkah kanan,3
teman,1
profit,4
waris,3
dominan,3
kooperasi,1
keras tulang,2
gedembal,2
tangguh,5
wedel,2
tapa,2
kedot,2
keikutsertaan,3
serta,2
balas,2
kerja,4
tatap,1
pengaruh,3
lengan,3
partisipasi,3
bedegap,3
peran,3
masif,2
gratis,4
bantu,4
busana,2
hasad,2
keki,1
free,3
wkwkwk,3
sangsi,1
prasangka,1
maslahat,2
mujur,4
waris,3
tuju,3
kenan,2
hujan gerimis,1
support,4
sahabat,4
gerimis,1
hujan,1
handai,3
kece,5
thank,4
hujan ringan,2
sobat,4
tungkai,2
terima kasih,4
doa,4
pacar,3
pacar,3
anyar,4
hallo,4
happy,5
ketemu,1
senjang,1
mudah mudah,1
modern,3
ana,2
pemuda,2
masygul,3
gelebah,2
mending,2
regenerasi,4
simpel,3
sirap hati,1
puspa,4
kenyam,1
merah telinga,1
bonafide,3
bakar,1
gairah,3
puspita,3
lengkap,2
perempuan cantik,5
sewot,1
gusar,1
hias,3
kesuma,3
primadona,5
tulus ikhlas,5
senyum,4
lugas,4
gemas,4
kusuma,4
yaudah,1
sayang,4
gari,3
pasang hidup,4
asah asih asuh,2
belum,1
hay,1
peduli,4
sepuh,1
jelas,1
seruh,2
luk,3
prosa,2
tari,4
cerita anak,2
bau tanah,1
atensi,2
gambar,2
anekdot,2
amuk,1
shalat,4
senang,5
omong kosong,1
bombastis,2
fiksi,2
dzuhur,1
tips,4
longgar,3
terima kasih,4
respon,2
sirna,1
lawas,1
singgung,1
only,1
layan,3
luas,3
langgan,4
resap,3
singsing,3
lelap,4
tembus,3
ringan,2
bangan,2
lipur,2
sajak,2
tentang,1
peria,2
respons,3
reaksi,2
kangen,3
sahut,1
cepat,2
saja,1
lantik,3
akibat,1
sambut,3
salin,3
wahyu,4
maha,4
lindung,4
tetap,3
bersikukuh,1
rusuh,1
kukuh,2
silang selisih,1
bersiteguh,1
sayang,3
hii,3
cegah,2
dependen,3
teguh hati,4
kuat,3
amin,3
sampai,2
syukur,5
geming,1
jernih suasana,1
nunggu,1
abis,1
tekun,4
selamat,5
asmara,2
tahan,4
suka suka,3
gapai,3
kuasa,3
iritasi,1
mukhlis,3
senyap,1
pukul,1
elite,5
asket,2
cita,3
mampir,2
pasif,1
interferensi,2
batu,2
lurus hati,3
geming,2
stagnan,1
bisu,1
cengkeram,1
bungkam,1
raih,2
asik,4
ready,1
pantar,1
usik,1
pantau,2
tunduk,1
allah,2
fans,2
provokasi,1
baring,2
zuhud,2
sporadis,2
tulang,2
capai,4
rengkuh,1
sukarela,4
saran,1
pesan,2
cinta,4
tutup mulut,1
tidur,3
ibadat,4
kepada tuhan,3
yoga,1
sayid,3
dapat,2
doa,4
harap,4
harap,3
doa,4
sembahyang,5
selawat,3
yes,3
pasrah,3
buru,1
semi,2
panjat doa,4
top,5
mood,2
zikir,4
kenal,3
bahagia,4
dengerin,3
tanding,2
usaha,3
jempol,4
yahud,4
jihad,3
juang,3
sangkut,1
colok,2
pasar uang,2
mikat,2
taut,2
bayar,1
tarik,4
hebring,3
seru,5
simak,3
muas,5
aduhai,4
gelanggang,2
hati,2
cinta,5
yuuk,4
lipur,2
profitabel,4
tebal telinga,1
senyumin,3
cuek,1
laba,4
peduli,4
insyaallah,2
khasiat,4
diam,2
untung,4
motivasi,3
berkat,1
apatis,1
hikmah,2
faedah,4
purnama,2
kagum,4
siph,2
inklusif,1
benar,3
wewenang,2
mojang,2
lunch,3
aziz,2
favorit,5
okay,4
lancar,3
tani,2
cicip,3
bunda,3
laun,1
waras,2
pintar,5
lorot,1
bilas,1
jeblos,1
terjun,1
gelincir,1
lunas kapal,2
rebah,2
reparasi,3
gontai,1
sederhana,3
tumpu,2
himpit,1
turun,1
mudah,4
tumbang,1
live,3
pandu,3
gamblang,3
jungkal,1
kasih,3
sempurna,3
asasi,3
gurufavorit,3
friends,3
cemplung,1
rektifikasi,1
ringan,2
mamak,2
mudah,3
banting,1
citra,2
ikhtiar,3
belanja,2
andai,2
lingsir,2
murah,3
assalamualaikum,3
ibunda,3
luruh,2
fondasi,2
arabika,2
bayang,2
rekonsiliasi,4
copot,1
simbok,2
saldo,2
jatuh,1
gelincir,1
mulus,3
rontok,1
islam,4
mama,4
filial,2
uji,1
putar,1
kantong,1
gugur,1
buah,2
sila,2
inovasi,4
rumah tangga,2
bakat,4
ngerti,1
tumpang tinggal,1
gelesot,1
kuliah,1
bunga,3
filsafat,3
turun,2
tinggal,1
wafat,1
tunang,3
ingin tahu,2
tongkrong,1
tabung,3
kuat duga,2
deposito,3
hy,1
waris,3
komedi,3
fokus,3
bebodoran,2
lahir,3
deket,1
dewasa,2
meni,4
tekad,4
mukim,2
bawa,1
tukar,1
dagel,3
kasad,1
lucu,3
dunia,1
tawakal,3
cash,2
kesah,2
pamrih,1
join,1
pancaroba,1
kunjung,3
daya,4
modifikasi,2
mengirat,2
arah,1
khusyuk,3
adi,2
sob,2
operasi,1
didik,3
vote,1
iflix,1
gratifikasi,2
pamit,2
ekstra,3
mohon,3
dua,1
angguk,1
pergi,1
joli,1
jodoh,3
koneksi,3
herbal,2
sesuai,3
sekata,3
lapor,2
hidup,2
utopia,2
kenan,2
rahim,2
geleser,1
special,4
obsesi,1
sepakat,4
mohon,2
insentif,3
nafkah,3
tuju,4
curhat,2
proses,1
varian,1
oke,2
sabar,5
mufakat,4
rawat,3
mikir,2
karunia,4
edar,2
rangkap,2
komisi,3
check,1
nasi,2
serasi,4
maklumat,2
darurat,1
saran,1
inisiator,3
substansial,1
luntur,1
trima,1
bagi,2
kabar,2
tiara,3
lancar,4
lanjut,1
pelancar,2
say,1
ajak,1
publikasi,2
rasio,1
baper,1
intensif,2
sembul,1
hadir,2
muncul,1
tukar,1
ayun,3
hati hati,3
kembang kempis,3
hastag,1
diskaun,3
jumat,2
babe,3
rapal,1
getar,1
kerubung,1
nyanyi,2
engah,1
irit,2
gema,1
setir,1
guna,1
selidik,2
timbun,1
muslim,3
rinai,1
pindah,1
swagriya,2
hitung,1
lelang,1
cuat,2
kenang,3
heboh,1
maksimal,3
pantau,2
smartphone,1
tabung,3
sharing,3
rasa,1
jaga,3
tumpu,1
lovers,4
gelegak,1
nyanyi,3
bahas,2
kembang,3
tinggi,3
lenggang,2
monggo,3
keroyok,1
ayun,1
aba,2
abi,2
queen,2
ekonomis,3
angsur,1
benar,1
refresh,2
orang islam,2
nice,4
ayahanda,1
bahas,1
toreh,1
tambah,2
kait,1
sembur,1
gesek,1
geser,1
hati,3
cinta,4
signifikansi,2
sidang,1
gentar,1
definit,2
jali,2
kerabat,3
afiliasi,2
konkret,3
chat,3
alim,2
fanbase,3
reseptor,2
maujud,2
merah jambu,3
komunitas,2
eviden,3
genah,2
sensibel,2
coffee,2
nyali,3
goda,2
sparing,3
jaring,3
real,2
sentuh,1
ajar,3
aib,1
biasa,2
konfirmasi,3
simpul,3
wujud,2
mulut,2
rizki,4
latih,3
sweet,3
nyali,4
kentara,1
sekali,1
percaya,4
adzan,3
transparansi,2
salamat,4
dear,2
sangkut,2
candang,2
anut,2
jalanin,2
pandai bicara,3
pancur,1
interaksi,3
alim arif,4
cakap,5
single,3
terima,2
langgam,2
merah muda,3
nyali,3
nekat,2
kesatria,2
sungguh sungguh,2
konfirmasi,3
bentur,1
determinasi,3
medium,2
tampil,1
baku,1
kubra,2
satria,4
jentelmen,3
relevansi,2
sambut,2
faktual,3
krim,1
lakon,1
jamiah,1
esok,1
kasih,2
tunggu dunia,2
ijab,2
tayang,2
snapback,2
pinky,3
favorite,4
sigap,4
bimbing,3
couple,2
syarikat,3
sesuai,3
hadiah,3
ikat janji,3
dapat,2
cepat,3
drum,2
tengkurap,2
luang,2
nada,2
yukk,4
lebih,1
tempo,1
hostel,1
anugerah,3
rembuk,3
pesanggrahan,2
pikir,1
bahas,1
pose,3
taraf,3
tangguh,3
mobil,1
care,2
baju,2
biar,1
tekan,1
adaptasi,2
layan,3
help,2
konferensi,2
gerak gerik,1
sikap,1
ingin,2
lompong,1
azimat,1
selaras,3
hamba allah,3
semangat,4
habituasi,1
layan,2
ciyeee,1
senyum,3
main,3
laden,3
bincang,2
renang,1
sepakat,3
itihad,3
lam,3
forum,2
inap,2
super,3
gores,1
kencan,3
aku,2
imbang,2
duluan,2
bicara,1
bismillah,4
tekan,1
bahas,1
kualitas,4
tiada,1
tandang,1
stabil,4
kontak,1
parkir,1
arung,1
cinta,4
tayang,3
balas,1
enjoy,3
ayo,1
motel,1
tengok,2
dangkal,1
deras,1
telungkup,1
mufakat,3
booking,2
plus,2
baik,1
titi,2
reply,2
musyawarah,2
bernas,2
losmen,2
kenek,1
kerja,2
tukar pikir,3
teh,1
beli,2
lihat,3
hotel,1
tingkat,1
bobot,2
perilaku,2
hubung,1
tanggap,3
kirim,1
angkut,1
rajah,1
gerak laku,1
tara,2
semerbak,2
arsitektur,2
layak,3
rute,2
size,1
diskon,2
erang,1
saksama,2
konstelasi,2
koneksi,2
gelak,4
sketsa,2
gelagat,1
tingkah laku,1
maklum,3
bijak,3
patut,2
beranda,1
menung,2
rapal,1
mirip,2
tertawa,5
sadar,2
karya,3
wajar,2
tegar,2
great,3
sanjung sanjung,2
bunyi,2
rapat,1
rata,1
antologi,1
alam,2
ramai,2
saran,2
adil,4
fulanah,1
coret,2
tertawa,4
temu,2
sama,2
guruh,2
lumayan,1
kembang,1
selfie,2
album,3
kiprah,3
hati,3
verbal,1
surat takdir,2
stabil,3
puji muji,4
lagak,2
indah,5
aksi,2
sikap,2
lewat,1
tegur,2
ngopi,3
solo,2
teguk,2
kalap,1
jatah,3
engah,1
untung,3
eaa,1
jujur,4
keras hati,1
koleksi,1
pertahanin,1
undang,2
dendang,4
hoki,3
untung,4
mantap,5
sugesti,2
tuah,1
patuh,4
aktif,2
lambung,2
ajar,2
usul,2
tenggang,1
banding,3
getol,2
gila gila,2
lafal,2
jaga,2
serah,2
rohaniah,2
ratu,2
cium telapak kaki,1
daya upaya,3
timpal,2
pasrah,3
buka,3
mahal,-4
tukar akal,1
puas,3
mafhum,3
siuman,3
luas,2
kembang,2
tekun,4
melek,2
lupain,1
musik,2
nikmat,3
dongeng,3
adik,1
streng,1
akidah,3
sponsor,2
lihat,2
tunjang,3
kerasan,2
taat,3
dukung,4
telaten,4
malu,2
suporter,3
gempita,4
hingar,2
ikat,1
kontak,2
nyaman,4
lahir,3
proses,1
tangan,1
maslahat,3
tetap hati,3
solusi,3
pacar,2
homogen,2
gepok,2
sekolah,3
relasi,3
peristiwa,2
sastra,2
wajar,3
gegap,2
import,2
lukis,2
cercah,2
lupa,1
konfirmasi,3
perkasa,4
laba,4
esai,2
sumbu,2
iman,3
insiden,1
slow,1
dogmatis,2
sokong,3
rilis,3
ekspres,3
hikmat,3
dahsyat,2
sama,3
cute,5
untung,4
baik,2
teguh hati,3
resolusi,3
pudar,2
kuat batin,3
kumbang,1
alot,1
sahabat,4
simple,3
lengkap,1
hiruk,1
okeey,2
deras,2
cerita,2
komunikasi,2
coba,2
kirim,2
keliru,1
mancing,2
suka,3
selesai,2
tewas,1
proud,5
gila gila,3
voucher,3
ngaku,2
tanggulang,2
anjir,1
teguh batin,3
rebut,1
berkah,4
arak,2
kaya,2
ngalah,2
tulus hati,4
mimpi,2
team,1
silir milir,2
moga moga,1
yaaaa,1
kado,2
terimaksih,4
limpah,1
darat,1
doain,2
baby,2
challenge,2
mulus,4
dansa,3
prajurit,2
cinta,4
welcome,4
kenal,1
jilbab,3
rindu,2
kalem,4
pantai,1
tunggu,1
game,2
leleh,1
ampun,1
amal,4
tuntas,2
temennya,1
kukuh,2
rida,2
percaya,3
masjid,3
kucup,2
bantuin,3
ibadah,4
pelangi,4
rejeki,4
tunai,3
bahagia,4
quran,3
produktif,2
alhamdulilah,3
rampung,3
tata,3
solusi,3
ikhlas,4
biasa,3
shiawase,2
kliyengan,1
kam,2
sayang,2
amin,2
subur,2
gelak,2
religi,1
pasuk,2
prihatin,2
nestapa,1
khawatir,1
masak,2
birthday,4
khayal,2
parade,1
pantes,1
rapi,3
surau,2
milik,1
koordinasi,1
banyak,2
goreng,1
normal,1
tarik,2
imbang,1
sahabat,2
sejati,3
undang,1
sampai,1
cinta,5
kuat,2
hati hati,2
hadiah,4
pseudonim,2
juta,2
ustazah,3
dicuekin,1
judul,2
kaya,2
modal,2
pelita,4
novel,2
cegak,1
sahabat,3
resmi,5
mudah,1
sukacita,2
formal,2
libur,3
pendek,1
prospek,3
gurih,1
matahari,2
visi,2
familiar,2
ganteng,4
jaga jaga,1
sesal,1
substansi,1
ganjar balas,1
jago,3
irama,4
lihai,2
artis,2
portofolio,2
alaikum,2
atur,4
aduh,1
sesal,1
bonus,4
keluarga,4
lengkap,3
invitasi,2
upah,1
globe,1
insaf,3
akal,3
mumpung,2
suara,2
hati,3
better,2
jeli,4
hemat,4
lanjur,1
entitas,1
tajam mata,2
dalam,3
insaf,2
pertiwi,3
imbal,1
premium,2
simpatik,2
fantasy,2
mentab,2
ajak,1
sayang,1
salambersama,1
muji,2
erti,2
lezat,5
tentang,2
poin,2
sedap,5
tahan,1
lulus,5
ganyang,1
ijtihad,3
ahli agama,1
pangeran,1
sahaja,2
redam,1
rasai,1
solat,1
dapat,2
waspada,3
suap,1
aja,1
sadar,2
ramah,5
satir,1
silaturahim,4
bayar,3
rencana,2
pundi pundi,2
promote,3
susut,1
baik,4
majubersama,3
oportunitas,3
dialog,1
standardisasi,2
senang,4
larut,1
duli,4
cocok,4
trimakasih,4
pahala,2
tabung,4
beri,2
ustadz,3
pandang,2
ringan kepala,2
karib,4
terima kasih,2
lawan,1
pandang,1
garis,2
anak pinak,2
fair,3
asli,2
kerja keras,3
natural,1
simpat,4
tulus,4
otak encer,2
suplai,2
refleksi,3
temu,2
perjuangin,3
didik,3
syukur,3
talen,2
tahan,1
cakap,2
dede,1
mutu,3
bangkit,2
lancar,3
hajat,2
nabi,2
kualifikasi,2
intim,2
peka,2
awet,4
sahabat,3
budi pekerti,3
ramai,3
reka,1
bantu,3
sensitif,1
manfaat,5
gede,2
bijaksana,1
harga,3
congrats,3
aliansi,1
cadang,2
kapabilitas,3
bangsawan,2
kekal,3
nikah,2
akrab,3
kagum,3
becus,1
soleha,3
cengang,1
get well soon,2
ajak,1
fasilitas,1
girang,3
imam,1
pesona,4
sayang,3
ngelupain,1
upaya,1
nila,2
usaha,1
harmonis,3
cerdik,2
takjub,4
asih,2
terpana,1
sunyi,1
seragam,1
kucil,1
segenap,2
siap,2
cendekia,3
permata,3
natal,1
pukau,2
pelamin,3
gembira,5
ajar,1
pati,3
ngurusin,2
kesima,4
curiga,1
show,2
inteligen,1
rajin,4
hijau,3
tajam otak,4
empuk,3
jaga jaga,1
personalitas,1
diam,1
perata,2
sedia,3
sedia,1
cium,3
qadim,3
fine,3
buka,3
alamiah,2
menang,3
suka,4
selenggara,3
dengar,2
cinta,3
tahu,4
tablig,1
koordinator,2
sumringah,4
boleh,2
keluarga,2
santai,2
cinta,3
pandai,4
riang,3
senang,5
sedia,2
diamond,3
cool,2
kerjasama,3
sanggup,2
baginda,2
terang akal,3
seni,1
moga,1
sedia,1
teduh,2
hidang,2
cekat,2
perak,1
ratna,2
taruh hati,3
gombal,2
cantrik,3
imbuh,1
genius,3
tangkas,2
naik,1
taman,1
sayang,4
semi,3
music,1
seru,3
antipati,2
rasuk,2
manfaat,3
fitrah,3
kuat,3
indah,3
cantik,2
mata cahari,2
kini,3
hamba allah,3
khasiat,4
lafal,2
rasuk,2
liat,-2
hati,2
jihad,3
larut,1
pundi,2
jilbab,3
turun,1
seni,1
selenggara,3
rapat,1
tabung,3
kantong,1
karya,3
keroyok,1
tunjang,3
jempol,4
koordinasi,1
renang,1
bincang,2
pesona,4
sahut,1
edar,2
dandan,4
mahir,4
pandu,3
ken,3
pikir,1
pindah,1
pasuk,2
labuh,3
usik,1
menang,4
pukau,2
moga,1
neng,5
longgar,3
zikir,4
baring,2
pati,3
keliru,1
kucup,2
bom,1
aib,1
kerubung,1
bangan,2
bunga,3
imbuh,1
cengang,1
sembahyang,5
syukur,5
cinta,3
tingkat,1
timba ilmu,4
lakon,1
rencana,2
limpah,1
kembang,3
menung,2
tuntut ilmu,4
amuk,1
irama,4
citra,2
darat,1
jatuh,1
sudi,2
muas,5
hangat,4
selaras,3
bangkit,2
sir,2
banding,3
kuat duga,2
tumpu,1
guru,3
langgan,2
sinkron,1
daftar,1
jernih suasana,1
salam,3
bawa,1
surat takdir,2
prasangka,1
kuntit,1
asosiasi,3
jungkal,1
tegar,2
suguh,2
suasana hati,1
rumah tangga,2
dukung,4
keluarga,4
lengkap,2
sedia,2
teladan,4
inap,2
patut,2
singsing,3
sabar,5
timbun,1
lanjur,1
lapor,2
proses,1
kuasa,3
simpat,4
teguh hati,3
mata cahari,2
heboh,1
sempurna,3
erti,2
cengkeram,1
luang,2
kirim,2
tukar pikir,3
ringan,2
nyali,4
gapai,3
nyala,2
angkut,1
tanggap,3
aji,4
tanggulang,2
coba,2
hajat,1
saja,1
bobot,2
harga,3
kejut,3
jalan buka,3
timpal,2
tongkrong,1
ajar,1
rindu,2
isi,2
manfaat,5
masyhur,4
pergi,1
mohon,2
capai,4
tata,3
kerja,2
sokong,3
latih,4
persen,2
rasai,1
sangkut,2
taruh hati,3
alam,2
selesai,2
rusuh,1
akar,2
sambut,3
sungguh,4
tulang,2
cerita,2
cari ilmu,4
ana,2
hitung,1
tafsir,2
laden,3
suka,3
bingkis,4
operasi,1
pudar,2
ikhtiar,3
amal,4
gila,3
kam,2
kucil,1
kesah,2
ganjar balas,1
puji,4
mimpi,2
denyut,2
pemuda,2
gambar,2
tukar,1
hadiah,4
telungkup,1
pandang,1
tarik,2
cakap,2
panjat doa,4
imbal,1
mukim,2
kenang,3
anugerah,3
meni,4
mikat,2
rengkuh,1
jenak,1
gores,1
terima,2
sila,1
silah,3
poin,2
bunyi,2
telaah,2
dansa,3
buah,2
cepat,3
hidang,2
selawat,3
kesima,4
daya,4
tiada,1
ibadat,4
layak,3
gelincir,1
simpul,3
mutu,3
pengaruh,3
bara,2
nikmat,3
atur,4
awat,5
redam,1
luk,3
suplai,2
sembul,1
susut,1
tuju,3
tegur,2
tangan,1
lupa,1
pelamin,4
sembur,1
nila,2
asket,2
allah,2
sesal,1
tutup mulut,1
gelanggang,2
hias,3
beli,2
curiga,1
colok,2
cekat,2
prihatin,2
tanding,2
taat,3
damping,1
arti,1
pelamin,3
tunang,3
sanjung,2
hujan gerimis,1
suap,1
gelesot,1
sayang,3
serah,2
serunda,2
milik,1
kuat batin,3
tukar akal,1
biar,1
kualitas,4
pasang hidup,4
cium telapak kaki,1
bijak,3
dunia,1
faedah,4
ganyang,1
raih,2
bayang,2
jaring,3
gelora,2
lorot,1
banting,1
uji,1
libur,3
kerabat,3
tarik hati,3
cadang,2
aktif,2
gema,1
rilis,3
saksi,1
lucu,3
gali ilmu,4
hayat,3
jejal,1
arah,1
antisipasi,3
hidup,2
terang,2
imla,1
kepada tuhan,3
salin,3
parade,1
konfirmasi,3
wujud,2
kasih,2
iktikad,2
tunggu dunia,2
angsur,1
budi pekerti,3
hikmah,2
cemplung,1
rekam,2
buru,1
tampil,1
bakat,4
luas,3
pacar,2
bakar,1
taraf,3
bisu,1
jalan bebas hambat,2
rebut,1
cegah,2
toreh,1
anyar,4
gari,3
lambung,2
batu,2
makan,1
keluang,3
lindung,4
rinai,1
bimbing,3
cantik,2
gentar,1
gairah,3
lunas kapal,2
jago,3
dagel,3
ramai,3
jaga,2
semangat,4
duli,4
temu,2
jeblos,1
serempak,3
saji,4
fasilitas,2
lukis,2
teguh batin,3
pantar,1
lawas,1
lawan,1
tumpang tinggal,1
pantai,1
puas,3
tahan,1
parkir,1
nyaman,4
pandai,4
tara,2
titi,2
perata,2
indah,3
kenyam,1
taksir,3
hubung,1
kait,1
orak senyum,2
bahagia,4
seragam,1
coret,2
indah,3
lebun,3
wadak,3
lebuk,3
saji,4
renung,3
ajar,3
dikara,3
khalis,4
putus,3
faktitius,3
pasang,4
mafhum,3
stabilitas,4
bapa,3
manis,5
tekan jiwa,4
tempo tempo,3
piuh,3
patuh,3
anak sekolah,3
promosi,3
takyin,3
ketapak,3
gembira,4
kunci,3
langgan,4
lancung,3
tunas,3
geleng geleng,4
kobar kobar,4
bacot,3
lakon,3
usil,4
ansar,4
lezat,4
binen,3
abid,3
awak,5
belukar,3
remeh,4
banyol,3
sendeng,4
tanda,4
komplet,3
tindak,3
amerta,3
analisis,4
latih,4
tunduk,3
ganti,3
karyawan,3
kondang,5
kalong,3
rias,3
kecong,3
dewana,3
sukacita,3
perwira,4
tela,3
padu,4
sarap,3
candrasa,3
pegang kitab,4
apas,5
sesuai,4
sufi,4
letak,4
digdaya,4
kadang,3
rentang,3
formasi,3
sagang,4
nyata,4
prawira,4
balik akal,3
astagfirullah,3
kesohor,5
mabrur,4
harkat,5
geger,4
jernih,4
balas,3
susur,3
acuh acuh,4
inayat,4
bantah bantah,5
kadar,5
kaji,4
derau,3
distribusi,3
unggul,5
butuh,4
tegap,3
rang,3
mulut sungai,4
wekel,4
percaya,3
cantum,4
harta,4
sakelek,4
manja,5
elok,3
fit,4
izin,3
widyaiswara,3
paduka,4
solek,3
akar,5
giat,4
hikayat,3
serikat,3
huni,3
cendera,4
ugahari,3
sohor,4
akal,4
sepatu,3
rangsang,3
kawak,5
azamat,4
sekar,5
gempar,4
angan,3
sekah,3
ramal,3
sekam,3
tundang,3
bausuku,3
perinci,3
gantung,4
suai,3
taruh,3
jala,3
resam,3
ahad,3
martabat,4
andur,3
cermin,3
hukum,4
umur,4
duga,3
tokok,3
lurus,4
juak juak,5
maaf,5
jalan,3
lilit,3
fantasi,3
makhluk,3
rana,4
alun,3
bubuh,4
andil,4
gatra,3
petah lidah,4
tengkuluk,3
instingtif,3
donatur,3
jibilah,4
pusaka,4
perseptif,3
otomatis,3
rupawan,5
preinan,3
absorpsi,3
mangkak,3
warok,3
paket,4
preseden,4
sanggama,5
endut endut,3
eksklusif,4
runtut,3
daun,4
mata gawai,4
hayo,4
eksplisit,3
sinuhun,4
simpan,3
longo,3
sosialita,5
untung,4
bulat,3
hipotetis,3
perai,3
mampu,4
fatamorgana,3
ledos,3
sungging,5
sambang,4
spesialis,4
interupsi,3
refleks,3
jenang,4
dok,4
hadir,3
dol,3
metah,4
malayari,3
maimun,4
datar,3
lanyak,4
diam,4
gajak,4
bisik,4
bakir,4
kenduri,4
tangkis,3
sengat,5
bain,3
delusi,3
cebik,4
kelos,3
telur,3
preventif,4
capai,4
guna,5
stop,3
imbuh,3
tongkat,3
ekstremis,3
khayal,4
sosialistis,3
tungkak,4
khusus,3
perian,3
sauk,3
serentak,3
panggul,4
habis,3
gubah,3
bagak,5
bagas,5
angan angan,4
takwa,4
kenang,3
sali,3
awas,4
jreng,3
kuat,3
sahaja,5
figur,3
oleh,3
oleh,3
arif,3
sebat,4
milik,3
gebyar,4
sedeng,3
mahir,4
hina,4
martabat,5
ikat,4
pionir,3
akidah,4
penting,5
napas,3
gigil,3
trengginas,5
pulut,3
bangun,3
jaya,4
sintal,3
lemah,5
susah hati,3
stupa,4
lemas,5
jantan,5
anak,3
jabar,3
reka,3
putus,4
intuitif,3
sorong,4
impulsif,3
cermin,4
cerdik,4
inferensi,3
jasa,4
sintetis,3
ramanda,3
intan,3
tanggap,3
takrif,3
moratorium,3
kira,-2
benang,4
servis,3
reksa,3
bugar,4
silang dapat,3
kakek,3
gengsi,4
karsa,3
tebar,3
kesan,4
istirahat,3
kaisar,4
catat,3
bentuk,4
angkat,3
rais,3
atas,3
studi,4
fusi,4
lulus,3
,4
suntuk,5
ibu,3
girang,3
rembuk,3
kunyah,3
moblong,3
cedera,5
ajar,4
tulen,3
imbas,3
lindu,4
lantip,3
daya tahan,5
bergas,5
pintar,4
cucu adam,3
pelesir,3
sangkil,4
endus,3
elu,3
kerja,3
otot,4
cengkau,3
daim,3
pesona,5
untung,4
riah,3
gila,3
giat,3
mufakat,4
kimah,5
surat tanah,3
moral,4
kundang,5
salim,4
rimba,3
riang,4
estetik,4
murid,3
runtut,3
didik,3
umi,4
sukat,3
muktamar,4
tanda tanda,4
sunan,4
tawarikh,3
iba,4
urai,3
lampu,4
efek,3
rafi,3
transendental,3
kicau,3
primitif,3
jadah,3
halang,3
produk,3
cedok,3
animo,4
jaya,4
duka,4
nikmat,4
sembahyang,4
suam suam kuku,4
ronda,3
paya,4
pantul,3
panorama,3
ampas kopi,3
nama,4
gentas,3
samseng,3
rela,5
talenta,4
bangkit selera,3
komplot,4
tasamuh,5
ura ura,4
khas,4
pokta,5
nista,4
resep,3
anggar anggar,3
penat,4
aneh,4
lestari,4
ganjar,5
emir,4
siswa,3
kontributor,3
minat,4
manjur,4
vista,3
dalam,4
tip,4
santun,4
panas,-4
kepleset,3
himpun,3
golong,5
tepat,3
mahdi,3
contoh,4
jahil,4
gamat,4
roh,4
tangkas,4
harmonis,3
serikat,3
gerecok,4
sarju,4
anak sasian,3
tuan,4
bapang,3
santer,4
lepas,3
kohesi,4
seraya,4
jebak,3
jelang,3
wisma,3
rusak,3
lambuk,3
sumber,4
simpuh,3
kits,5
sambat,4
nali,3
konsultasi,3
bakh,4
ordo,3
cekel,4
orde,3
tumpil,3
direktur,3
jiwa,3
praktis,4
santir,3
pakai,4
denda,3
longo,3
akil,4
bos,3
eka,3
hilang,3
lakeri,3
bandung,3
transparan,3
gubris,3
jaya,4
prei,3
pere,3
sendat,4
peri,3
ulama,3
aya,3
bungkus,4
pintas,3
mikroanalisis,3
upaya,3
ikut,3
kumpul,3
nirmala,4
gampang,4
ganduh,3
rembuk,3
terima kasih,5
kamil,3
kanjang,4
perdeo,4
benak,3
jajah,3
akal,4
perinci,3
taruh,4
drastis,4
arketipe,3
suci,4
daya gabung,4
hiruk,4
vitalitas,3
panjang,3
perlup,3
primbon,4
jelas,3
hampar,3
ribut,4
mustajab,4
aduh,3
cuti,3
kontemporer,3
kasihan,4
purusa,3
putus,3
kodrat,4
alas,4
karimah,4
misbah,4
girang lega,4
nuftah,3
inventivitas,4
tentu,3
cerap,3
prima,4
makan,3
intelektual,3
zaim,3
preferensi,3
himpun,3
gombroh,3
cepat,4
pangus,5
permanen,3
benang raja,4
prodeo,4
nama,5
tenang,4
eja,3
sawala,3
trauma,4
biang keladi,3
lipur,4
libat,3
bukti,3
ajal,3
duga,3
prediksi,3
lampas,4
sempena hati,4
taksir,5
boleh,4
tahu,4
kaji,4
tiris,3
gusti,4
recok,4
bianglala,4
tating,3
senandung,4
bisa,4
prakarsa,3
libat,3
gembur,5
kelilip,3
besar,4
semarak,3
gede,3
hasrat,3
tinggal,4
patroli,4
sumpah,3
timbal,4
baca,4
nanti,3
terus,2
data,3
simetris,3
beber,3
benar,3
protektor,3
patok,4
pelamin,4
lugu,4
ventura,3
bentuk,3
pegah,5
sero,3
polemik,3
aras,4
keluar darah,4
gempar,4
widita,4
kebaji,4
tuntun,3
sender,4
patuh,4
atur,4
hukum,3
cari akal,3
batas,3
fertil,4
besar,3
kusa,3
bineka,3
wantah,3
anut,4
ideal,3
pinda,4
ana,5
tinggal,4
samun,3
mustaid,3
solah,4
puadai,4
cita,3
arti,3
mullah,3
kesal,4
aneka,3
rahasia,3
ganjar,5
adakala,3
mantap,4
didik,3
dispensasi,3
tangkal,4
anggar,3
sublim,3
tekan mental,4
ganjar,3
prominen,5
disiplin,3
kosen,4
lebur,3
bilhak,3
pestaka,4
bekas,4
kincung,3
perut,3
cumil,4
keri,4
bekal,3
kecam,3
sendel,4
traktat,3
terjemah,3
pejatian,3
infinit,3
nyanyi,4
ambil contoh,4
mekar,3
klien,4
sosial,4
kempuh,5
rupa,3
radu,3
alem,4
tuju,4
sembuh,4
ulur,3
garda,3
kincang,3
konspirasi,4
susuk,3
keduduk,4
geser,5
ganti,3
cenangkas,3
bingkas,3
lesap,3
montok,3
ingat,3
pop,5
rahim,4
pola,3
heran,3
anak didik,3
dekorasi,5
status,4
tumpah,3
jamin,5
eneng,5
statis,4
alam,4
tempuh hidup,3
comel,4
celengan,3
kerja,3
hutan,3
pacangan,3
mukibat,3
hilir,4
takjub,3
populer,5
ampuh,4
lapang,3
lintas rimba,3
ubah,4
tanda jasa,4
sami,3
pas,3
licin,4
manila,5
bayang,3
sinar,4
atraktif,4
riil,4
kreativitas,4
ketuk,3
pelamin,4
rekognisi,5
genit,5
letih,4
warna,4
girang ceria,4
pamor,3
mulia,3
khalas,3
kaget,3
kaca,4
asoi,3
sportif,3
guntang guntang,3
damar,4
momentum,3
segar,4
buru,3
titip api,3
segar,3
dodor,3
klasik,3
purna,3
harga,3
terima,3
mufakat,3
tajam,3
geger,4
kecil,4
himpun,3
alami,3
kumai,3
serapah,4
federasi,3
lunak,5
,3
debuk,3
pajang,4
ilusi,3
serobot,3
rekan,4
fatanah,3
kaki tangan,4
kelih,4
gera,4
akuan,3
layan,3
tersem bunyi,5
jelang,3
rumput,3
pinggul,4
simpleks,3
nuri,3
biasa,3
spesialisasi,3
kalis,4
maslahat,4
remeh,3
seemak,3
julat,3
gali,4
pokok,3
catu,4
nyana,3
cebak,3
tumpuk,4
daftar,3
semara,4
teduh,3
fadil,3
punia,4
kecambah,3
tenaga,3
tutuk,3
tangsel,3
yang tuan,4
damba,3
romantis,4
monopoli,3
interpretasi,3
sambung tangan,4
ab,3
pantat,3
wiladah,3
contoh,4
sri paduka,4
umat,3
derma,3
kenal,5
labiovelar,4
gabung,3
langsung,3
kroni,4
sregep,4
sangka,3
derai,3
majenun,3
cermin,3
gol,3
rampuh,3
kampanye,3
putra,3
sen,4
drama ria,3
deteksi,3
ambisi,4
tedas,3
berahi,5
tepa salira,5
kumpul,3
ngira,3
urus,2
adab,3
probabilitas,3
vila,3
degap,3
setia,3
mufaham,3
tandas,3
komplemen,5
muka,5
layan,4
mahabah,4
gagah,4
nafsu,3
kali,3
tembus,3
binasa,3
efisien,4
radikal,3
gigi,3
pelit,4
ulur tangan,4
licin,4
adun,3
suasana,4
recok,4
sani,3
cempiang,3
kujarat,5
zakelek,4
margrit,3
afdal,3
remeh,4
foto,-2
masyhur,4
salah ketik,-3
ketik,2
imbuh,4
tukar cincin,3
betapa,4
tambah,3
abu,3
semayam,4
panas kuku,4
distingtif,4
cegah,4
idam,3
acau,4
jaswadi,3
pukau,4
muara,4
bahagia,4
samad,3
asa,3
perhati,4
suplemen,5
dusin,4
wisuda,3
cengang,4
plong,3
hormat,5
sungguh,4
serasi,3
muai,3
latih,3
kumpul,3
isi perut,3
tahan lasak,4
milik,3
golong,4
transaksi,3
kreatif,4
cukup,4
heran,4
astaga,3
sangkut paut,3
mukim,3
jadi,3
grahita,3
pusing,4
prediksi,3
cahaya,4
sepele,4
kategori,4
autentik,3
wawancara,3
tahan,3
dominasi,3
mola,4
anggap,3
lendeh,3
asuh,3
pendam,4
prabu,4
bapanda,3
rotan,4
kudus,4
derajat,4
sukses,3
indah ambang,4
gombrong,3
tebak,3
tangan,3
ya,4
rani,4
dendam berahi,5
gombrang,3
kaci,4
lembuk,3
elegan,4
gagah,5
antusiasme,3
amanah,5
ganggu,4
energi,3
isbat,3
tongkat,4
cublik,4
gembur lambuk,3
anggap,3
positif,4
sauh,4
nyamleng,5
saur,3
sengal sengal,3
tumbuk,4
pegawai,3
mesra,4
tunggu,3
malu,3
tajam pikir,4
garing,5
bersitegang,4
intrik,4
manggala,3
balas,4
permadani,3
papar,3
kekal,3
kredibel,3
guar,3
gerak hati,4
kipu,4
bumbu,5
muncul,3
ria,3
sains,3
nian,4
kasatmata,4
jamik,3
imbang,4
lebai,4
seringai,4
hasil,3
batas,3
definisi,3
komplot,4
afirmasi,3
jamhur,3
gres,4
gerha,3
alir darah,4
dana,4
tabung bambu,3
atur,4
terka,3
rukun,3
buka,5
kasual,3
teja,4
lagak,4
sayap,4
donor,3
warna dadu,3
akomodasi,3
tebak,3
cegar,4
bayang bayang,3
tambat,3
jalan,3
enak,4
asuh,3
lewat,3
jawara,3
rakit,3
suara halus,4
rawa,4
ukur,3
cantik,3
dalang,3
angkat angkat,4
bentuk,3
langgeng,4
deduksi,3
bestari,4
ringan tulang,5
prasarana,3
sandar,4
wasiat,4
bisnis,3
langkah,4
tongkeng,5
untir,4
masakan,3
gantung,3
putus,4
sapih,4
bayang bayang,3
cokol,3
sinkronisasi,3
jelajah,3
cari jalan,3
remas remas,3
terala,3
muncul,3
upa,4
bulang,3
prayojana,3
duit,4
biadab,3
tajam,4
limbuk,3
individual,4
suguh,4
terkadang,3
debat,3
dalam,3
linuhung,3
seri,4
korek,4
infak,4
maskapai,3
arah,3
ovum,4
ugal ugalan,3
centil,5
paradigma,3
tempoh,3
lentera,4
pilin,3
kandis,4
selamat,4
andal,5
benci,4
biduanda,5
getas,5
desa,4
pelupuk mata,4
taruk,3
konsensus,3
luncur,3
anteng,4
ulas,3
anak adam,3
integrasi,3
pendekar,3
perlu,5
dikte,3
lapang,3
beril,4
spesifikasi,3
lantun,3
runcing,4
dakaik,3
desain,4
peluk,4
tunas,3
ceri,4
kait,3
ria,4
simpatisan,3
liput,3
singkap,3
sembir,4
dandan,3
ihsan,4
tegas,3
defensif,4
sepele,4
sangga,4
resap,3
selesa,3
struktur,3
puji,4
ricuh,3
ajudan,4
wagu,4
konon,3
baik,3
tabah,5
gemi,3
tenaga kerja,3
dahulu,3
heboh,4
ranum,5
lembek,5
juru,3
lektur,4
betul,3
sukar,4
pilih,5
semu,3
rezeki,3
baca,3
trendi,3
guna,4
imaji,3
bahaduri,4
semringah,4
wirid,4
cokol,4
energik,5
mantap,4
makruf,4
lisan,3
teraso,4
intensi,3
gutuk,4
terkadang kadang,3
cemerlang,4
gambir,3
makna,4
makbul,3
jelak,3
sebut,3
penting,4
tokcer,4
serbaserbi,3
bikin,3
piawai,4
tentu,3
nasabah,4
segeh,3
ganjar,5
terka,3
linu,4
mahfum,4
tegur,3
kemas,3
capai,3
lini,4
atom,3
faal,4
jenis jenis,3
mustakim,4
jumpa muka,3
malim,3
limpah,4
dengung,3
genial,4
alangkah,4
spontan,3
tolak,4
kuasa,4
cermin,3
dikte,3
selera,3
jigrah,3
bonyok,5
kismat,4
tangkul,3
kreasi,3
buka mata,4
andai,3
kapasitas,3
kait,3
cipta,3
hakimah,4
akhlak,4
tuntun,3
lapang,3
kipas,3
neces,4
doktrin,3
sibuk,4
efektif,5
gani,4
hulubalang,3
arif,4
buyung,4
lingkung,3
keluar,3
ragam,4
bimbing,3
kisas,3
rupa,4
bumbung,3
nomine,5
bujang,4
paham,3
khuluk,3
konklusi,3
suap,4
peringkat,4
panglima,3
tenggang,5
junjung,4
legawa,4
eja,3
sambung tangan,4
jalan,3
natur,3
ajojing,3
wibawa,3
tunggak,3
dagang,3
pukal,3
saji,4
orientasi,3
daulat,4
ilmu,4
kontan,3
sing,5
langlang,4
lagu,4
merger,3
alih generasi,4
mula,3
megah,4
pesam,4
kucur,4
api,4
caplok,3
gangsar,4
zakiah,4
dakwa,3
laju,4
kompetensi,3
adiluhung,3
konseptual,3
sentosa,5
bakti,4
sebu,3
raun,4
rencana,3
musara,3
sandar,3
riwayat,3
gempa bumi,4
banjir,4
tenggang,3
lilit,3
jajak,3
cerna,3
testimoni,3
doyan,3
salat,5
bareng,3
otak tajam,4
laras,3
catat,3
lontar,3
abai,4
darah,4
manusia,3
pegah,5
panil,4
pedoman,4
kiat,3
kias,4
punya,4
gilir,3
administrator,3
makna,5
embel embel,5
perang,3
kedai susu,4
kenyang,3
heban,4
daya pikir,3
mutakhir,4
interes,4
kasihan,4
lintang,3
buai,3
tenteram,4
organisasi,3
imitasi,3
telinga merah,4
enteng,4
utara,3
iktifak,4
daya,3
puja,4
sanjung,4
emong,3
superior,4
takar,3
muktabar,3
babar,3
presiden,3
pemair,3
akibat,3
gudi,4
prakira,3
baru,4
tiru,4
gempa,4
kuat,5
jangka,3
bahadur,5
bayangkara,3
lajnah,3
pakat,4
simpan,3
ronda,4
sembah,4
santun,3
cat,4
kilan,3
eksemplar,3
rupa,4
artifisial,3
mati,4
unda,3
model,3
vak,3
eco,5
baru,4
tenang,5
teoretis,3
reaksioner,3
santun,4
ornamen,5
belagu,4
pengalasan,3
telusur,3
buat,3
nama,5
dukung,4
pegang,4
temu,3
adika,5
kadang kadang,3
final,3
umum,3
insinye,4
bayang,3
tata tertib,3
jajah,3
tenaga,5
ruji,3
tertib,3
pinisepuh,3
main,4
lembik,5
seloroh,3
dobrak,3
bidas,3
tertib,4
batas,3
timba,4
idam,3
tabe,3
leceh,4
lila,4
terbit selera,3
lolos,3
dadak,3
jenang,4
serbasama,3
paduka tuan,4
ceria,4
kemudi,3
absurd,3
labuh,3
transaksi,4
gobek,3
susah,4
ikut,4
bayan,3
saruk,4
mudah,3
dingin,4
varia,3
itifak,4
tiba,3
rawi,3
paut,3
tiru,3
bimbit,3
gemar,5
sput,4
rakit,3
tanduk,3
anjung,4
bubuh,4
jasa,4
jidur,3
ajar,4
terang,4
nyanyi,3
impi,3
antara,4
prasetia,3
atas,3
seluk,3
simpuh,3
belok,3
ambil,4
hiruk pikuk,4
martil,3
pukau,4
konsolidasi,3
sehat,4
selesai,3
kes,3
oles,4
kandung,5
imbas,3
luluh,5
konstruktif,3
rama,3
girik,3
elektromotif,3
cemas,4
percaya,4
tegang,4
panitia,3
tepat,4
lahir,3
usaha,3
afair,3
budiman,4
gemirang,4
mustahil,3
sambat,5
enteng,4
imbas,3
tiang pancang,3
otentik,3
tangkap,3
sohor,5
bawa,3
porsi,4
ambil,3
dengar dapat,3
tajali,3
anggar,3
rembuk,4
harmonisasi,3
jiawang,5
bedah,3
meri,3
maut,4
objektif,4
level,4
agam,5
mapan,3
emosi,3
muai,3
hasil,3
muhibah,4
bangga,3
sepada,3
kikir,4
bantal,3
gambar,3
cedok,3
daya cipta,4
benak kepala,3
puja,3
mandraguna,4
ukur,3
sadu,3
prigel,4
perkolasi,3
jarak,3
cerita,3
muwafakat,3
tambah,5
inventif,4
sulur,3
abah,3
kinte,3
kedodoran,3
pola,4
kelelawar,3
kicu,3
hantu,3
nilai,5
kakap,4
busana,4
otak,3
erti,3
tabah hati,5
eksplorasi,4
realistis,4
daif,4
utas,4
suai,3
tuntun,3
candu,3
kapah kapah,3
pagon,3
kuala,4
laras,3
aktual,4
merta,3
apit,4
belenggu,3
bajik,4
derajat,5
petes,4
ganjil,4
keras hati,4
pesat,4
gerak gerik,4
esa,3
renovasi,4
cendera mata,4
tikar,3
kanjeng sultan,4
ribut,4
budak,4
pulas,3
konformitas,4
bingkis,4
kenal,5
abadi,4
darah,4
merah,4
asri,4
takzim,3
potensi,3
proyeksi,3
sekongkol,4
stamina,3
maksud,3
idiosinkratis,4
mujarab,4
ahli,3
tamat,3
disiplin,4
maklum,3
harga,4
pangkat,5
semak semak,3
pusat,3
seia,3
lepek,3
dedengkot,3
iler,3
konco,4
lelah,4
gengsi,4
bentrok,5
bijih,3
campur,5
paheman,4
ikat,3
rias,3
cindur mata,4
lapis,3
paramarta,4
riah,3
watak,3
tokok,3
lantik,3
yamtuan,4
gapah,5
religiositas,3
lari,3
vakansi,3
spesial,4
asrama,3
orisinal,3
parkir,1
elena,2
dosen,1
shuttle,1
layan,1
sampah,1
administrasi,1
lppp,1
gedung,1
perpustakaan,2
skl,1
fakultas,1
program studi,2
prodi,1
kaprodi,1
departemen,1
ptnbh,1
penelitian,1
rektor,1
prestasi,1
visi misi,2
libur,1
kalender akademik,2
apps unnes,1
fasilitas,1
ruang,1
kelas,1
akademik,1
ukt,1
kkn,1
mbkm,1
kampus merdeka,2
msib,1
giat,1
lantip,1
kemahasiswaan,1
sarjana,1
pascasarjana,1
magister,1
doktor,1
unnes,1