word,weight;
sentuh,-1.0;
anjem,5.0;
jemput,5.0;
nelangsa,-3.0;
remuk redam,-5.0;
jastip,5.0;
segan,-2.0;
gemar,-1.0;
sesal,-4.0;
hayat,-2.0;
absorpsi,-1.0;
linu,-4.0;
kamar,4.0;
oper,1.0;
antar,4.0;
salah benang,-1.0;
sakit,-5.0;
siput,-4.0;
lara,-5.0;
zuhud,-1.0;
cedera,-4.0;
ingkar,-4.0;
maaf,-3.0;
khianat,-4.0;
celaka,-5.0;
tidak,-2.0;
borong,-1.0;
lever,-2.0;
kasihan,-3.0;
tidak mau,-4.0;
saja,-1.0;
pulas,-1.0;
abis,-2.0;
coba,-1.0;
kangen,-3.0;
mau,-1.0;
anda,-1.0;
mari,-1.0;
benar,-1.0;
yaudah,-4.0;
tidak tahu,-1.0;
bahak,-2.0;
atuh,-1.0;
tarik hati,-1.0;
cedayam,-2.0;
kece,-3.0;
makan,-1.0;
belum,-1.0;
malam,1.0;
cekau,-2.0;
duga,-1.0;
suara,-1.0;
prediksi,-1.0;
bunyi,-1.0;
terka,-1.0;
taksir,-1.0;
antisipasi,-1.0;
nang,-5.0;
rompok,-2.0;
griya,-1.0;
gubuk,-2.0;
anjir,-3.0;
putus jiwa,-5.0;
dari dunia,-5.0;
putus nyawa,-5.0;
buang nyawa,-5.0;
hilang hayat,-4.0;
putus nafas,-4.0;
kojor,-3.0;
putih tulang,-2.0;
buntu,-3.0;
kalang tanah,-2.0;
koit,-5.0;
putus usia,-3.0;
buntet,-2.0;
tamat riwayat,-3.0;
hilang nyawa,-5.0;
males,-4.0;
asih,-1.0;
kasih sayang,-1.0;
kagum,-1.0;
dendam berahi,-4.0;
rindu,-3.0;
afeksi,-2.0;
cinta kasih,-1.0;
renjana,-2.0;
pagina,-2.0;
tresna,-1.0;
filantropi,-1.0;
cintrong,-1.0;
cetus,-1.0;
rintis,-2.0;
kronologi,-1.0;
jalan buntu,-4.0;
jalan bebas hambat,-1.0;
purwa,-2.0;
umur,-3.0;
bangkot,-4.0;
sepuh,-3.0;
usia,-3.0;
lepra,-5.0;
bau tanah,-4.0;
purba,-3.0;
gaco,-2.0;
tambat hati,-2.0;
tayib,-1.0;
tayibah,-1.0;
necis,-1.0;
estetis,-1.0;
baper,-4.0;
perfek,-1.0;
tolong,-2.0;
sayid,-1.0;
radang,-4.0;
didih,-4.0;
ngantuk,-2.0;
sirap hati,-2.0;
rampang,-2.0;
hati,-4.0;
telinga merah,-3.0;
merah telinga,-3.0;
mencak mencak,-5.0;
tidak ada,-3.0;
manjur,-1.0;
mujarab,-1.0;
beber,-2.0;
singkap,-3.0;
tangkis,-3.0;
mending,-3.0;
akibat,-3.0;
satir,-2.0;
nyanyi,-2.0;
sibuk,-2.0;
gara,-4.0;
sedikit,-4.0;
ilang,-5.0;
kepeng,-2.0;
bodo,-5.0;
air,-1.0;
suri,-1.0;
ihh,-5.0;
asasi,-3.0;
nenes,-2.0;
tumpu,-3.0;
fondasi,-3.0;
beliin,-1.0;
sekam,-3.0;
maafin,-3.0;
mahir,-1.0;
galak panas manasi,-3.0;
marah,-5.0;
ampun,-3.0;
balik akal,-4.0;
masuk akal,-4.0;
ganggu jiwa,-4.0;
majenun,-2.0;
gelo,-2.0;
gila gila,-4.0;
kalap,-3.0;
sedeng,-2.0;
ubah akal,-2.0;
seram,-5.0;
sakit jiwa,-4.0;
gendeng,-2.0;
ubah ingat,-3.0;
sinting,-5.0;
gila,-4.0;
sakit ingat,-4.0;
sesat akal,-2.0;
duh,-4.0;
memang,-1.0;
hujan,-2.0;
aduh,-3.0;
cerita khayal,-2.0;
typo,-2.0;
langkah,-1.0;
isap jempol,-3.0;
engah,-4.0;
mafhum,-1.0;
fiksi,-2.0;
omong kosong,-4.0;
balas,-3.0;
profit,-1.0;
waris,-2.0;
selisih,-4.0;
senjang,-4.0;
bareng,-3.0;
ekstasi,-3.0;
lapar,-3.0;
bandel,-5.0;
ngaku,-3.0;
telat,-5.0;
kopong,-4.0;
ngerti,-1.0;
dunia,-2.0;
nol,-3.0;
cari,-2.0;
sorry,-4.0;
ana,-3.0;
bastar,-2.0;
tega,-5.0;
denyut,-3.0;
kayak,-3.0;
ringan tangan,-1.0;
gelora,-2.0;
energik,-1.0;
bara,-3.0;
kobar kobar,-2.0;
nyala,-2.0;
mentolo,-2.0;
sungguh sungguh,-1.0;
tren,-2.0;
sembur,-3.0;
imbas,-4.0;
alir udara,-1.0;
lesit,-1.0;
rahayu,-2.0;
gusar,-3.0;
curat,-1.0;
parah,-5.0;
topan,-3.0;
tembis,-3.0;
damprat,-4.0;
suak,-2.0;
bongsor,-2.0;
bias,-2.0;
rajam,-4.0;
rantus,-3.0;
gentas,-2.0;
tidak usah,2.0;
tanya,-1.0;
lelah,-3.0;
bosan,-4.0;
susah hati,-5.0;
kabung,-5.0;
receh,-4.0;
muram durja,-5.0;
lara lara,-4.0;
senang,-1.0;
sungkawa,-3.0;
susah,-5.0;
peluk,-3.0;
bunuh diri,-5.0;
bunuh,-5.0;
menep,-3.0;
obsesi,-2.0;
dekap,-2.0;
sengsara,-5.0;
buru buru,-3.0;
kencang,-3.0;
kilat,-2.0;
akas,-2.0;
dahulu,-1.0;
adang,-3.0;
suruh,-2.0;
terampil,-3.0;
pesat,-2.0;
sebat,-3.0;
sput,-2.0;
filsafat,-3.0;
dogma,-3.0;
imut,-1.0;
doktrin,-3.0;
dominan,-2.0;
masif,-3.0;
lihat,-2.0;
keras tulang,-2.0;
tangguh,-2.0;
keseser,-4.0;
maksa,-5.0;
tanduk,-2.0;
luput,-3.0;
jaman,-2.0;
geliat,-3.0;
tumpas,-4.0;
keok,-2.0;
cecer,-3.0;
bangan,-3.0;
pengaruh,-2.0;
lipur,-2.0;
bedegap,-2.0;
lengan,-2.0;
gelibat,-2.0;
suka cita,-1.0;
pacar,-3.0;
semangat,-1.0;
bahagia,-1.0;
desir,-2.0;
suntuk,-4.0;
adik,-1.0;
block,-4.0;
pening,-3.0;
apa,-3.0;
kliyengan,-4.0;
pusing,-4.0;
jenguk,-2.0;
aku,-1.0;
runyam,-5.0;
luyu,-1.0;
mikir,-3.0;
elusif,-2.0;
bohong,-4.0;
tandang,-2.0;
sayu,-3.0;
cenderung,-2.0;
selit belit,-3.0;
preseden,-2.0;
miss,-4.0;
kesal,-5.0;
intensif,-4.0;
kalem,-2.0;
rantai,-3.0;
pintar,-1.0;
mesti,-3.0;
serang,-4.0;
benak kepala,-3.0;
otak,-3.0;
daya pikir,-2.0;
wajib,-2.0;
dedengkot,-2.0;
tagih,-3.0;
bogem mentah,-5.0;
coret,-1.0;
halah,-5.0;
alay,-4.0;
gergaji,-1.0;
masuk,4.0;
bayar,-3.0;
tukang,-2.0;
potong,-3.0;
curhat,-3.0;
susup,-2.0;
pakar,-1.0;
kawaei,-2.0;
babar,-2.0;
jatuh,-3.0;
runtuh,-5.0;
perenyak,-4.0;
gentar,-4.0;
pailit,-5.0;
singkir,-5.0;
lorot,-4.0;
tetes,-3.0;
roboh,-5.0;
cebur,-5.0;
biak,-3.0;
jeblos,-4.0;
gelincir,-3.0;
rebah,-3.0;
biasin,-3.0;
terjun,-3.0;
rusuh,-4.0;
dapat,-2.0;
tangkap tangan,-4.0;
pelanting,-3.0;
lubang,-3.0;
cemplung,-4.0;
diam,-3.0;
pergok,-5.0;
banting,-3.0;
tangkap basah,-3.0;
terjerembab,-2.0;
luruh,-2.0;
buang,-2.0;
macet,-4.0;
gogrok,-3.0;
jelabak,-3.0;
sembul,-3.0;
capai,-4.0;
cuat,-3.0;
unjuk,-3.0;
songsong,-2.0;
balik,-2.0;
sekutu,-3.0;
kekang,-4.0;
elu,-2.0;
asa,-2.0;
temenan,-2.0;
purnama,-3.0;
ekstrem,-4.0;
inklusif,-2.0;
baca,-1.0;
revolusioner,-1.0;
asak,-3.0;
lelang,-3.0;
mula,-3.0;
radikal,-4.0;
jejal,-3.0;
begah,-2.0;
telak,-3.0;
telik,-2.0;
hati hati,-3.0;
jaga jaga,-3.0;
entah,-3.0;
tajam mata,-1.0;
kelih,-3.0;
please,-3.0;
tae,-4.0;
awas,-3.0;
tidak boleh,-4.0;
dengar,-3.0;
waspada,-3.0;
pelit,-5.0;
kial,-4.0;
temu,-2.0;
kroni,-3.0;
bot,-2.0;
cute,-1.0;
rekan,-2.0;
wacana,-3.0;
tengok,-2.0;
subang,-1.0;
komplot,-4.0;
giwang,-1.0;
lendeh,-3.0;
simpuh,-3.0;
ogah,-3.0;
gelesot,-3.0;
tumpang tinggal,-4.0;
kuliah,-2.0;
semayam,-3.0;
manja,-3.0;
polos,-2.0;
cokol,-4.0;
sia,-5.0;
esok,-2.0;
mana,-3.0;
himpit,-4.0;
tindas,-5.0;
pilih,-2.0;
kasih,-2.0;
heboh,-3.0;
pilih pilih,-3.0;
sebal,-5.0;
payudara,-3.0;
man,-1.0;
tetek,-4.0;
onar,-5.0;
buah dada,-3.0;
biarin,-3.0;
gempar,-4.0;
dempet,-3.0;
bergas,-2.0;
gadang,-4.0;
kawal,-2.0;
alam,-1.0;
sadar,-1.0;
dukacarita,-4.0;
apasih,-4.0;
gugah,-1.0;
tindik,-3.0;
drama duka,-4.0;
pindah,-3.0;
oma,-2.0;
unduh,2.0;
derita,-5.0;
tugas,-1.0;
asri,-3.0;
borak,-4.0;
pedih,-5.0;
pulak,-2.0;
sunduk,-3.0;
rawat,-3.0;
buyut,-3.0;
tragedi,-5.0;
kecek,-3.0;
andal,-1.0;
sial,-5.0;
kismat,-2.0;
daya muat,-2.0;
amuk,-5.0;
surat takdir,-3.0;
malang,-5.0;
geruh,-4.0;
iya,-2.0;
dikatain,-3.0;
duluan,-2.0;
pokok,-3.0;
daya tampung,-2.0;
daya serap,-2.0;
nahas,-2.0;
untung,-1.0;
bahala,-3.0;
gerhana,-2.0;
sedi,-2.0;
sengaja,-2.0;
segitu,-3.0;
php,-4.0;
tendas,-4.0;
anggur,-5.0;
statis,-3.0;
pasif,-3.0;
batu,-2.0;
hiatus,-2.0;
stagnan,-3.0;
bisu,-3.0;
biar,-3.0;
tidak suka,-4.0;
lepas,-2.0;
huhuhu,-2.0;
bungkam,-4.0;
kosong,-4.0;
bajing,-5.0;
tegun,-3.0;
kaget,-3.0;
cabe,-2.0;
sugesti,-3.0;
kuota,-2.0;
lengang,-4.0;
tengkulak,-5.0;
campak,-4.0;
syur,-3.0;
sanggama,-2.0;
sepi,-3.0;
naon,-2.0;
teduh,-2.0;
patung,-3.0;
keluar,-3.0;
tutup mulut,-3.0;
peranjat,-3.0;
lanyak,-3.0;
hina,-5.0;
lancar,-2.0;
nista,-5.0;
leave,-3.0;
licin,-2.0;
murah,-2.0;
spam,-3.0;
mentang,-3.0;
ingin tahu,-3.0;
tobat,-2.0;
mentang mentang,-4.0;
ringan,-1.0;
astagfirullah,-4.0;
mudah,-1.0;
titip api,-1.0;
cebik,-3.0;
fokus,-2.0;
tahan,-2.0;
resistan,-2.0;
enteng,-2.0;
astaga,-4.0;
maapin,-4.0;
berat tangan,-4.0;
berat hati,-4.0;
lembam,-4.0;
macem,-2.0;
realitas,-3.0;
alpa,-3.0;
yauda,-4.0;
gigit,-2.0;
ihhh,-4.0;
orang,-2.0;
berat pinggul,-2.0;
kerubut,-3.0;
sebab,-3.0;
kempes,-4.0;
bye,-3.0;
kerubung,-3.0;
tuntun,-2.0;
tau,-4.0;
serah,-3.0;
wabah,-5.0;
uar uar,-3.0;
wara wara,-3.0;
keroyok,-4.0;
istirahat,-2.0;
tidak jadi,-3.0;
diri,-1.0;
ati,-1.0;
cinta,-3.0;
rasa,-2.0;
jelus,-2.0;
timbal,-2.0;
dajal,-5.0;
artistik,-2.0;
mukhlis,-2.0;
tentang,-2.0;
mbeling,-2.0;
ramai,-2.0;
iri,-4.0;
ngeselin,-5.0;
ngatain,-5.0;
ganjar,-5.0;
junjung,-2.0;
imut imut,-1.0;
seruh,-2.0;
lurus hati,-1.0;
lari lari,-2.0;
senyum,-1.0;
seringai,-4.0;
panas hati,-5.0;
keki,-4.0;
jail,-4.0;
lambat,-5.0;
sayang,-3.0;
hukum,-3.0;
gemes,-2.0;
sukarela,-2.0;
kebiri,-4.0;
prasangka,-3.0;
pahala,-1.0;
pemuda,-1.0;
mohon,-2.0;
henti,-3.0;
erang,-4.0;
manah,-2.0;
mabok,-4.0;
panggil,-1.0;
malas gerak,-4.0;
peduli,-2.0;
hitam,-4.0;
rip,-5.0;
bandung,-1.0;
haih,-4.0;
muda,-2.0;
tuhkan,-4.0;
dua,-3.0;
regenerasi,-2.0;
gubris,-2.0;
indah,-2.0;
rumit,-4.0;
master,-1.0;
tanggung,-4.0;
diapain,-3.0;
pelita,-2.0;
nyali,-2.0;
tangan panas,-4.0;
rugi,-5.0;
tinggal,-4.0;
kerja,-2.0;
puntung,-3.0;
percaya,-1.0;
pikir,-2.0;
merah,-3.0;
nekat,-4.0;
njir,-3.0;
paksa,-4.0;
baiat,-3.0;
satria,-1.0;
masak,-2.0;
labil,-4.0;
goreng,-2.0;
antipati,-3.0;
kontradiksi,-3.0;
teman,-3.0;
kerumit,-5.0;
khilaf,-4.0;
nihh,-3.0;
selidik,-3.0;
lagi,-3.0;
negasi,-2.0;
meh,-5.0;
kota,-1.0;
varian,-2.0;
semi,-2.0;
keruh,-4.0;
colong,-5.0;
kusut,-4.0;
rudapaksa,-4.0;
telaah,-2.0;
ruwet,-4.0;
sedih,-5.0;
teledor,-5.0;
kot,-1.0;
lanjur,-3.0;
cakap,-1.0;
geleng geleng,-3.0;
cengang,-2.0;
menung,-3.0;
lumayan,-2.0;
mata,-2.0;
duka,-5.0;
atraktif,-2.0;
pamer,-3.0;
pucat,-4.0;
pesona,-1.0;
banjir,-4.0;
takjub,-1.0;
terpana,-2.0;
bah,-3.0;
kesima,-1.0;
pukau,-1.0;
impas,-3.0;
bandang,-4.0;
tiada,-5.0;
rasisme,-5.0;
sirik,-5.0;
heran,-3.0;
tidak pernah,-3.0;
rapi,-2.0;
penasaran,-3.0;
tulus hati,-1.0;
beton,-2.0;
tunggu,-3.0;
umpan,-3.0;
cadas,-3.0;
lembek,-4.0;
hih,-4.0;
tutup,-3.0;
korban,-4.0;
kurban,-3.0;
sikit,-3.0;
awal,-2.0;
bongkah,-2.0;
bodoamat,-4.0;
rela,-3.0;
dengkik,-4.0;
takda,-2.0;
obat,-3.0;
tetua,-2.0;
error,-5.0;
anugerah,-1.0;
dongeng,-1.0;
jir,-3.0;
impoten,-5.0;
kiri,-3.0;
perih,-4.0;
babi,-4.0;
habitat,-2.0;
kenang kenang,-2.0;
reka,-2.0;
memejahijaukan,-4.0;
sembah,-2.0;
sudah,-2.0;
gebetan,-2.0;
jutek,-5.0;
ajal,-4.0;
gerombol,-4.0;
ora,-3.0;
gatal,-3.0;
tajam,-2.0;
curu,-3.0;
nongkrong,1.0;
nongol,-2.0;
barzakh,-4.0;
sidang,-3.0;
pantes,-3.0;
ngalah,-3.0;
jabat,-3.0;
ganjil,-4.0;
ketidaktentuan,-5.0;
jarak,-3.0;
sad,-4.0;
comeback,-2.0;
udahan,-4.0;
ugh,-4.0;
acuh acuh,-3.0;
next,-2.0;
cuek,-5.0;
sangkut paut,-4.0;
sayup,-3.0;
ish,-4.0;
doh,-4.0;
pantat,-3.0;
tebal telinga,-3.0;
aneh,-4.0;
korek ngorek,-4.0;
diet,-3.0;
syedih,-5.0;
lugu,-2.0;
interaksi,-2.0;
berhala,-4.0;
iih,-5.0;
tahi,-5.0;
kemaknagandaan,-3.0;
bodoh,-4.0;
final,-2.0;
dimarahin,-5.0;
dibales,-3.0;
sangkut,-4.0;
kampret,-5.0;
jin,-3.0;
murtad,-5.0;
mogok,-5.0;
setan,-4.0;
nyebut,-3.0;
piye,-3.0;
gusur,-5.0;
drastis,-4.0;
pojok,-4.0;
demon,-3.0;
durhaka,-5.0;
super,-2.0;
iblis,-4.0;
baperan,-4.0;
ikut,-2.0;
sebentar,-2.0;
sebelah,2.0;
keri,-4.0;
hantu,-4.0;
makhluk halus,-4.0;
got,-3.0;
siluman,-5.0;
tumpah hati,-3.0;
jasa titip,3.0;
larutan,2.0;
momok,-4.0;
tengkar,-4.0;
mangkas,-2.0;
bain,-2.0;
sundal bolong,-5.0;
sian,-3.0;
jahil,-4.0;
singgah,-2.0;
sekongkol,-4.0;
life,-2.0;
bidah,-3.0;
tantang,-4.0;
selingkuh,-5.0;
getar,-3.0;
classy,-2.0;
peristiwa,-2.0;
lumat,-4.0;
insiden,-4.0;
oon,-5.0;
orok,-3.0;
bijih,-3.0;
pelosot,-3.0;
remuk,-4.0;
keburu,-3.0;
gadai,-3.0;
anjing,-4.0;
naena,-2.0;
jabang bayi,-3.0;
binasa,-5.0;
dalih,-4.0;
why,-2.0;
modus,-3.0;
cuti,-2.0;
bobrok,-5.0;
tidurin,-2.0;
cariin,-2.0;
kandut,-3.0;
dengung,-3.0;
bakar,-3.0;
ganyang,-4.0;
rusak,-4.0;
selusur,-3.0;
konspirasi,-4.0;
kurus,-3.0;
berantak,-4.0;
bully,-5.0;
jadi,-2.0;
bicara,-3.0;
stalk,-4.0;
jeriji,-4.0;
pasuk,-3.0;
sange,-5.0;
kongkalikong,-4.0;
serong,-4.0;
maki,-5.0;
cemong,-4.0;
kerasan,-2.0;
kurang,-3.0;
lilit,-3.0;
kurung,-3.0;
kecil,-3.0;
cemooh,-5.0;
malu,-4.0;
umpat,-4.0;
abai,-3.0;
merem,-2.0;
lock,-2.0;
leceh,-5.0;
lemah,-4.0;
ngilang,-3.0;
kerak,-2.0;
daif,-3.0;
hina aib,-4.0;
kontras,-3.0;
ejek,-4.0;
perang,-3.0;
rundung,-4.0;
marahin,-4.0;
kelakar,-4.0;
sepele,-4.0;
pahit,-4.0;
ngertiin,-3.0;
cabul,-5.0;
jijik,-5.0;
tuak,-3.0;
tauu,-3.0;
beda,-2.0;
hina rendah,-3.0;
buruk,-5.0;
kroco,-4.0;
cela,-5.0;
sindir,-4.0;
busuk,-5.0;
kumuh,-4.0;
singgung,-5.0;
besit,-2.0;
cengkerama,-2.0;
cumbu cumbu,-3.0;
cemeeh,-4.0;
noda,-4.0;
bejat,-5.0;
cibir,-5.0;
olok olok,-4.0;
benci,-5.0;
ulah,-4.0;
keji,-5.0;
gampang,-3.0;
gausa,-3.0;
main main,-2.0;
cumbu,-3.0;
cerca,-4.0;
ldr,-2.0;
menang,-5.0;
genit,-3.0;
erik,-3.0;
lemas,-3.0;
jahad,-4.0;
taraf,-2.0;
monyet,-3.0;
astaghfirullah,-3.0;
letih,-3.0;
tidur,-3.0;
gapaham,-4.0;
punah,-4.0;
lesu,-4.0;
apas,-3.0;
mampus,-5.0;
keramat,-3.0;
campur aduk,-2.0;
ricuh,-4.0;
soms,-4.0;
stress,-5.0;
kemayu,-3.0;
cangkum,-3.0;
lama,-2.0;
diginiin,-3.0;
sihh,-2.0;
yakali,-3.0;
sakral,-2.0;
ngenes,-4.0;
tendensi,-3.0;
kalut,-3.0;
mati,-5.0;
lenguh,-4.0;
jahanam,-5.0;
gangerti,-3.0;
gegara,-3.0;
godain,-3.0;
idiot,-5.0;
ambigu,-3.0;
utang,-4.0;
centil,-3.0;
bacot,-4.0;
malas,-4.0;
sunyi,-3.0;
amoral,-3.0;
bekas,-3.0;
anti,-2.0;
gabole,-2.0;
simpan,-3.0;
ganggu,-4.0;
sentimen,-3.0;
santun,-2.0;
mulut,-1.0;
boro,-2.0;
kasam,-3.0;
pencet,-2.0;
bantet,-3.0;
sin,-1.0;
kesumat,-4.0;
bokek,-5.0;
muncikari,-5.0;
tip,-3.0;
asusila,-5.0;
stop,-3.0;
ciut,-3.0;
bengkak hati,-3.0;
dendam,-5.0;
tidak enak,-3.0;
mucikari,-5.0;
maapkan,-3.0;
vulgar,-3.0;
ndut,-4.0;
turun,-3.0;
hilang,-4.0;
kecoa,-3.0;
begitu,-3.0;
ratap,-3.0;
pesan,-3.0;
gelanggang,-3.0;
salah,-4.0;
kampit,-1.0;
dengu,-3.0;
gaje,-3.0;
cedih,-3.0;
jauh,-4.0;
putus,-5.0;
ngadu,-3.0;
najis,-4.0;
ego,-3.0;
geli,-2.0;
maklum,-2.0;
kambing,-3.0;
diblock,-4.0;
crash,-4.0;
sampah,-4.0;
maruk,-3.0;
rangsang,-3.0;
erti,-2.0;
renggang,-3.0;
tewas,-5.0;
amarah,-5.0;
melek,-2.0;
kenal,-2.0;
sangka,-3.0;
dilupain,-4.0;
kebo,-4.0;
nyasar,-4.0;
ungkap,-3.0;
bocor,-4.0;
ekspos,-4.0;
usai,-2.0;
pensiun,-3.0;
dibully,-5.0;
kontol,-5.0;
mimpiin,-2.0;
susila,-2.0;
begadang,-3.0;
eks,-3.0;
mudarat,-5.0;
delete,-3.0;
cerewet,-5.0;
berahi,-5.0;
patah,-4.0;
jerawat,-3.0;
bawel,-4.0;
pudar,-3.0;
hambur,-3.0;
rongsok,-3.0;
gairah,-2.0;
mencret,-4.0;
iluminasi,-3.0;
jones,-3.0;
hapus,-3.0;
mantan,-3.0;
iseng,-3.0;
zakar,-3.0;
air liur,-2.0;
berengsek,-5.0;
laporin,-3.0;
syahwat,-2.0;
tinggi,-2.0;
penat,-2.0;
nyinyir,-4.0;
cerai berai,-5.0;
igau,-3.0;
kenapasih,-3.0;
sesak,-4.0;
rahasia,-2.0;
anjay,-3.0;
sumbat,-3.0;
ucek,-3.0;
tamat,-4.0;
konco,-3.0;
balesnya,-2.0;
pantas,-2.0;
erotis,-4.0;
curi,-5.0;
perkara,-4.0;
kutuk,-5.0;
hilang ingat,-4.0;
anjur,-2.0;
bersitegang,-4.0;
buah bibir,-2.0;
teriak,-2.0;
cegah,-2.0;
rem,-2.0;
tiri,-2.0;
kerut merut,-3.0;
rabies,-4.0;
serapah,-4.0;
tangkap,-3.0;
emosi,-4.0;
ria,-4.0;
kutil,-4.0;
jarah,-4.0;
relung,-2.0;
heula,-2.0;
atut,-2.0;
pegang,-2.0;
congkel,-4.0;
keinget,-2.0;
sumpah,-3.0;
banding,-3.0;
gempal,-2.0;
hambat,-3.0;
asam,-2.0;
aur,-3.0;
traumatis,-4.0;
pingsan,-3.0;
latih,-2.0;
ekang,-4.0;
comot,-4.0;
tembak tembak,-5.0;
ngamen,-3.0;
tenggelem,-3.0;
genang,-2.0;
nyamuk,-1.0;
keras hati,-3.0;
tunas,-2.0;
bad,-4.0;
jleb,-3.0;
otot,-4.0;
pisah,-3.0;
idih,-3.0;
badung,-4.0;
blokir,-3.0;
perkutut,-3.0;
ngeri,-4.0;
egois,-5.0;
kubang,-3.0;
abg,-2.0;
hama,-3.0;
digituin,-2.0;
nyariin,-2.0;
harap,-2.0;
keluh,-4.0;
sisa,-4.0;
gelap,-4.0;
bolong,-3.0;
merinding,-3.0;
rinding,-3.0;
tembam,-4.0;
kontaminasi,-4.0;
hate,-5.0;
dalam,-2.0;
tempik,-4.0;
tendang,-3.0;
habis,-3.0;
desah,-3.0;
cuekin,-3.0;
pikun,-4.0;
kelu,-3.0;
miris,-4.0;
primitif,-4.0;
typonya,-3.0;
buru,-3.0;
rampok,-5.0;
ringkus,-5.0;
besar,-2.0;
diketawain,-4.0;
nyeri,-4.0;
hack,-4.0;
terminasi,-3.0;
lupa,-3.0;
dikangenin,-2.0;
gapuk,-3.0;
bendung,-3.0;
nyerah,-3.0;
rebut,-3.0;
edan,-3.0;
jerit,-3.0;
rampas,-4.0;
nabrak,-4.0;
tilap,-4.0;
pekik,-5.0;
ngiler,-3.0;
maghrib,-2.0;
catut,-3.0;
caplok,-3.0;
ramal,-2.0;
ingat,-2.0;
bopong,-3.0;
seksi,-3.0;
addict,-3.0;
fail,-5.0;
endus,-3.0;
pendek,-2.0;
duet,-2.0;
guram,-2.0;
usir,-4.0;
tekan mental,-4.0;
hiruk,-4.0;
mewek,-5.0;
trauma,-5.0;
unmood,-3.0;
bekap,-3.0;
bajak,-4.0;
week,-4.0;
goda,-3.0;
gajih,-2.0;
bolos,-3.0;
hiruk pikuk,-3.0;
gugur,-3.0;
umbar,-3.0;
kabut,-3.0;
layuh,-3.0;
lain,-4.0;
unfollow,-2.0;
risiko,-3.0;
dingin,-3.0;
ancam,-4.0;
batuk,-4.0;
sembarang,-4.0;
ngadepin,-2.0;
dalang,-3.0;
geger,-3.0;
acau,-4.0;
pinggul,-3.0;
tidak biasa,-2.0;
redup,-3.0;
kentut,-2.0;
mainin,-2.0;
musuh,-4.0;
qada,-2.0;
gabakal,-4.0;
abu abu,-2.0;
hoax,-5.0;
emergensi,-4.0;
muak,-5.0;
mual,-5.0;
acak acak,-5.0;
close,-2.0;
tegur,-3.0;
ribut,-4.0;
tbc,-3.0;
shy,-3.0;
cemas,-3.0;
paranormal,-2.0;
recok,-3.0;
demo,-3.0;
lost,-3.0;
gangguin,-3.0;
melankolis,-2.0;
kabur,-2.0;
protes,-3.0;
usil,-3.0;
jealous,-3.0;
tular,-4.0;
grogi,-4.0;
batuk kering,-3.0;
pasrah,-2.0;
,-3.0;
sengal sengal,-4.0;
kejut,-3.0;
gelegak,-3.0;
malapateka,-3.0;
debar,-3.0;
gede,-2.0;
muram,-4.0;
sotoy,-4.0;
derai,-3.0;
nyalahin,-4.0;
mafia,-5.0;
sambat,-3.0;
enek,-4.0;
gaakan,-2.0;
kapah kapah,-2.0;
gerecok,-4.0;
kolera,-4.0;
ganjal,-3.0;
guncang,-2.0;
tanda,-2.0;
sogok,-4.0;
simpang,-4.0;
selamat tinggal,-3.0;
simbah,-3.0;
saum,-2.0;
cacing karawit,-3.0;
ringkas,-2.0;
yalord,-2.0;
cemeti dewa,-2.0;
nyesal,-4.0;
narkotika,-4.0;
syedi,-4.0;
standar,-2.0;
sekali,-2.0;
banget,-2.0;
gagah,-1.0;
sunu,-2.0;
neng,-1.0;
kuyup,-3.0;
alami,-3.0;
kelir,-3.0;
tata,-2.0;
gundik,-2.0;
luka,-5.0;
belia,-2.0;
album,-2.0;
comel,-1.0;
asuh,-2.0;
alah,-4.0;
enak,-4.0;
geluncur,-3.0;
remaja,-2.0;
akuan,-3.0;
image,-2.0;
bawain,-3.0;
puasa,-2.0;
kerut,-2.0;
cacing jantung,-4.0;
cacing ginjal,-4.0;
brutal,-5.0;
hamster,-3.0;
diajarin,-3.0;
luda,-3.0;
giniin,-2.0;
suap,-3.0;
tetiba,-3.0;
tebat,-3.0;
tebak,-2.0;
amatin,-2.0;
diliatin,-3.0;
mirip,-2.0;
cacing gilig,-4.0;
api,-2.0;
senonoh,-5.0;
garuk,-3.0;
bisain,-2.0;
timang,-1.0;
insane,-4.0;
sambal,-2.0;
gjd,-3.0;
kualat,-4.0;
selulur,-2.0;
gersang,-3.0;
tolak,-4.0;
jilat jilat,-2.0;
jahatin,-3.0;
cacing hati,-2.0;
babu,-5.0;
timpa,-3.0;
kontroversi,-4.0;
mblo,-3.0;
tidak kuat,-3.0;
poor,-4.0;
mata mata,-3.0;
kenapaaa,-3.0;
pikul,-2.0;
lau,-2.0;
gelicik,-3.0;
jilat,-3.0;
selir,-4.0;
yaoi,-5.0;
idam,-2.0;
napsu,-3.0;
zalim,-5.0;
gelingsir,-3.0;
bau kencur,-4.0;
alergi,-3.0;
kodok,-2.0;
drop,-3.0;
dikit,-3.0;
belikan,-1.0;
sundut,-3.0;
pataka,-3.0;
siapa,-2.0;
mahh,-3.0;
gamungkin,-3.0;
matiin,-2.0;
bantah,-3.0;
kenapa,-3.0;
lagak,-2.0;
cacing gila,-4.0;
eek,-5.0;
malesin,-4.0;
anak bawang,-2.0;
dinistain,-4.0;
yahhh,-3.0;
loloh,-3.0;
bokep,-5.0;
jahat,-4.0;
seksologis,-2.0;
claim,-3.0;
candu,-3.0;
mumpung,-3.0;
cemberut,-4.0;
dijadikan,-2.0;
lepek,-4.0;
jangann,-3.0;
gulir,-3.0;
boros,-5.0;
ganti,-3.0;
jujur,-1.0;
akumah,-3.0;
goodbye,-3.0;
semena,-3.0;
panas manasi,-3.0;
curcol,-3.0;
nyata,-2.0;
keparat,-5.0;
linggis,-4.0;
hangus,-3.0;
kepleset,-4.0;
badmood,-4.0;
die,-4.0;
malak,-4.0;
indikasi,-2.0;
kesi,-4.0;
peleset,-4.0;
ihhhh,-3.0;
bobroq,-4.0;
tuyul,-4.0;
remeh,-5.0;
gantung,-3.0;
taat,-1.0;
intrik,-3.0;
padahal,-2.0;
kerat,-1.0;
raiso,-3.0;
excited,-1.0;
guling,-3.0;
gangsar,-3.0;
kemas kemas,-2.0;
susut,-2.0;
becek,-4.0;
ya sudah,-3.0;
luluh,-3.0;
sohor,-1.0;
rentan,-4.0;
iyasih,-2.0;
rusak binasa,-4.0;
belah,-5.0;
horny;-4
ngentot;-3
anjer,-3.0;
alat vital,-2.0;
gibah,-3.0;
aurat,-2.0;
rasain,-3.0;
alat kelamin,-3.0;
alangkah,-2.0;
ingin,-1.0;
kutu busuk,-4.0;
makelar,-3.0;
manuver,-3.0;
getir,-4.0;
memek,-5.0;
kalah,-4.0;
tekan,-3.0;
ngesot,-2.0;
samping,-4.0;
gelecik,-4.0;
larang,-3.0;
mainstream,-3.0;
iyak,-2.0;
cacing tambang,-2.0;
bini gelap,-5.0;
nyolong,-4.0;
kompor,-4.0;
yaahh,-3.0;
lieur,-3.0;
kena,-3.0;
hempas,-4.0;
dahh,-3.0;
karin,-2.0;
goblok,-4.0;
tembakau,-3.0;
kerjain,-3.0;
suspend,-3.0;
mayat,-4.0;
eksplisit,-2.0;
buah simalakama,-3.0;
salah langkah,-3.0;
mumet,-4.0;
debu,-3.0;
itu,-2.0;
lap kaki,-2.0;
pedas,-2.0;
jera,-3.0;
begak,-3.0;
alone,-3.0;
muntah,-4.0;
celah,-3.0;
menghisap,-1.0;
segitunya,-3.0;
bidik,-2.0;
stalking,-4.0;
naudzubillah,-5.0;
keling,-3.0;
mutualan,3.0;
susuk,-4.0;
kencing,-3.0;
awan kelabu,-3.0;
gemuruh,-3.0;
fresh,-2.0;
ngeden,-2.0;
sensi,-4.0;
jambret,-5.0;
mutu,-1.0;
jauhin,-3.0;
rupawan,-1.0;
lucu,-2.0;
jedot,-4.0;
sukar,-4.0;
nyontek,-5.0;
rombak,-2.0;
cemerlang,-1.0;
siksa,-5.0;
dibeliin,-1.0;
sedihhh,-5.0;
bongkar,-3.0;
ngarti,-3.0;
cucut,-3.0;
hutang,-5.0;
gbs,-2.0;
disalahin,-3.0;
incess,-3.0;
kabeh,-2.0;
irit,-2.0;
kabar angin,-3.0;
angkot,-1.0;
problem,-4.0;
yampun,-3.0;
surup,-5.0;
komat kamit,-3.0;
manis,-2.0;
teror,-5.0;
pundung,-4.0;
jadul,-3.0;
sungkap,-3.0;
lengket,-2.0;
injek,-3.0;
melarat,-4.0;
tanah tandus,-3.0;
dobrak,-4.0;
sayat,-4.0;
retek,-3.0;
coplok,-3.0;
empas,-3.0;
terror,-5.0;
sanding,-2.0;
takut,-4.0;
jepit,-4.0;
muskil,-2.0;
aahh,-3.0;
mungut,-2.0;
astagfirulloh,-4.0;
peles,-1.0;
rapet,-2.0;
kedaluwarsa,-3.0;
kocak,-2.0;
eror,-4.0;
sehat,-1.0;
melar,-2.0;
death,-3.0;
inkarnasi,-1.0;
hidu,-1.0;
geledek,-2.0;
pacul,-4.0;
tembok,-1.0;
najisin,-4.0;
jiji,-4.0;
yaudahlah,-3.0;
nusuk,-3.0;
jigong,-4.0;
dah,-3.0;
uler,-3.0;
lebay,-4.0;
rasuk,-5.0;
seteru,-4.0;
emmm,-2.0;
keladi,-3.0;
lengket lengket,-3.0;
idk,-3.0;
politik,-1.0;
geledah,-3.0;
ngelupain,-4.0;
ngespam,-3.0;
tenang,-1.0;
panik,-4.0;
ngilu,-4.0;
tilam,-4.0;
bencong,-5.0;
pusink,-3.0;
fitnah,-5.0;
harmonis,-1.0;
bedah,-3.0;
jatah,-1.0;
lutut,-2.0;
tunggang,-1.0;
tusuk,-4.0;
pecat,-5.0;
kumat,-4.0;
better,-1.0;
ceria,-1.0;
sodok,-3.0;
sotau,-4.0;
pitnah,-3.0;
yailah,-3.0;
diduain,-3.0;
nyet,-4.0;
pendek tali,-4.0;
gemetar,-3.0;
bau,-4.0;
ngomel,-4.0;
numpuk,-3.0;
hambar,-3.0;
down,-3.0;
mesiu,-1.0;
neraka,-5.0;
nganggur,-3.0;
tertib,-2.0;
blur,-4.0;
langah,-3.0;
mupeng,-2.0;
biadab,-5.0;
langau,-4.0;
tekuk lutut,-3.0;
guntur,-3.0;
delay,-3.0;
bangsat,-5.0;
kereta,-4.0;
mengap,-3.0;
sahara,-2.0;
cair,-1.0;
belaka,-1.0;
gigil,-4.0;
tumpuk,-4.0;
celampak,-3.0;
kecamuk,-4.0;
cucok,-1.0;
diancurin,-3.0;
sapu,-3.0;
kapok,-3.0;
gabaik,-3.0;
cocok,-3.0;
cekak,-3.0;
bogum,-3.0;
majikan,-3.0;
suka,-1.0;
stres,-4.0;
bual,-4.0;
dipamerin,-3.0;
aniaya,-4.0;
absurd,-2.0;
yang tuan,-3.0;
beling,-1.0;
suci,-1.0;
cubit,-3.0;
bobol,-4.0;
lebai,-3.0;
pipis,-2.0;
lirih,-3.0;
rewel,-4.0;
nestapa,-3.0;
amit,-4.0;
nyampah,-4.0;
depresi,-4.0;
dukacita,-3.0;
hembus,-3.0;
boker,-3.0;
rokok,-3.0;
darah dingin,-4.0;
rogoh,-3.0;
rogok,-3.0;
ditidurin,-4.0;
copot,-3.0;
rosak,-3.0;
halang,-3.0;
santet,-5.0;
gejolak,-3.0;
dilema,-3.0;
apek,-4.0;
gabutuh,-3.0;
kejam,-4.0;
rontok,-3.0;
sendu,-2.0;
elegan,-1.0;
jelma,-3.0;
konsekuensi,-3.0;
lapang hati,-1.0;
pajak,-3.0;
gagal,-4.0;
tumbuk,-3.0;
sisih,-2.0;
terajam,-4.0;
tkde,-1.0;
berangan,-3.0;
banyol,-3.0;
pelosok,-3.0;
pending,-3.0;
cry,-3.0;
mules,-4.0;
ketar ketar,-3.0;
prihatin,-3.0;
mustahil,-2.0;
komplikasi,-3.0;
isu,-1.0;
anjis,-1.0;
melet,-3.0;
taik,-5.0;
buta hati,-4.0;
kantong tipis,-4.0;
darah,-1.0;
hilaf,-4.0;
ex,-1.0;
anjg,-5.0;
ngeles,-3.0;
murung,-4.0;
jutekin,-5.0;
kelok kelok,-2.0;
huhuu,-4.0;
belenggu,-3.0;
rebak,-3.0;
ledak,-4.0;
hayoloh,-3.0;
bisik,-2.0;
lembung,-3.0;
ecer,-2.0;
bagal,-3.0;
anjlok,-4.0;
haters,-5.0;
gosah,-3.0;
bandar,-4.0;
dosa,-4.0;
maho,-4.0;
compeng,-4.0;
ciplak,-3.0;
rang,-3.0;
gelagap,-2.0;
biang keladi,-4.0;
gembul,-3.0;
betina,-2.0;
konyol,-3.0;
cengeng,-4.0;
aduk,-3.0;
ngancem,-4.0;
gores,-3.0;
elak,-3.0;
pedofil,-5.0;
sebarang,-2.0;
ngetawain,-4.0;
ragu,-3.0;
gone,-2.0;
suudzon,-4.0;
cucuk,-3.0;
golek,-1.0;
layan,-2.0;
diare,-4.0;
leleh,-3.0;
bakat,-1.0;
berat telinga,-3.0;
ada,-3.0;
lebih baik,-3.0;
ugal ugalan,-2.0;
ngestalk,-4.0;
curiga,-4.0;
satu,-1.0;
faedah,-1.0;
petaka,-4.0;
masygul,-2.0;
jatohnya,-1.0;
pelecok,-3.0;
benguk,-2.0;
semangatin,-1.0;
ringkih,-4.0;
liat,-2.0;
renti,-3.0;
poko,-2.0;
palit,-3.0;
bom,-1.0;
sentuh asa,-1.0;
tahu,-4.0;
wara,-3.0;
sengal,-4.0;
uar,-3.0;
sir,-2.0;
kobar,-2.0;
henti tugas,-2.0;
main,-2.0;
meni,-2.0;
ketar,-3.0;
galak panas,-3.0;
kapah,-2.0;
gonggong anjing,-3.0;
kaya,-2.0;
kemas,-2.0;
kelok,-2.0;
kenang,-2.0;
kuat duga,-2.0;
abu,-2.0;
tembak,-5.0;
ken,-2.0;
korek,-4.0;
pinned,2.0;
geleng,-3.0;
antem,-4.0;
batas,-3.0;
kasi,-3.0;
acak,-5.0;
ampas kopi,-2.0;
lari,-2.0;
olok,-4.0;
akal,-4.0;
maksud,-1.0;
lot,-5.0;
sungguh,-1.0;
ubah,-3.0;
jaga,-3.0;
mencak,-5.0;
uang,-2.0;
panas,-3.0;
ngaceng,-5.0;
jihat,-4.0;
arau,-4.0;
tubruk,-3.0;
lesap,-3.0;
transformasi,-5.0;
gabung,-5.0;
gasak,-5.0;
maklumat,-3.0;
inersia,-4.0;
lebur,-5.0;
senyampang,-4.0;
ayun,-3.0;
hadirin,-3.0;
pantang,-4.0;
porno,-5.0;
karut,-5.0;
tingkeb,-3.0;
bayi,-3.0;
empot empot,-5.0;
lembu liar,-3.0;
kemandang,-3.0;
rantas,-3.0;
sambung,-3.0;
aus,-5.0;
gulung,-4.0;
moyang,-4.0;
berang,-5.0;
singkil,-4.0;
deru,-3.0;
represi,-4.0;
distorsi,-4.0;
risih,-3.0;
semak hati,-5.0;
lintas,-4.0;
tung,-3.0;
risa,-4.0;
benyot,-4.0;
bromocorah,-5.0;
medok,-3.0;
lencana,-3.0;
ekshibisi,-3.0;
kali,-3.0;
hening,-3.0;
lingkup,-3.0;
gam,-4.0;
cagil,-4.0;
mampat,-3.0;
kaji,-5.0;
gelogok,-3.0;
gapil mulut,-4.0;
selesma,-3.0;
pari,-3.0;
khafi,-5.0;
lumang,-5.0;
kecandan,-4.0;
basmi,-5.0;
petuah,-3.0;
cegat,-3.0;
pulsa,-3.0;
rancu,-4.0;
titis,-3.0;
ketupat bengkulu,-5.0;
tawar,-4.0;
cacat,-5.0;
titik,-3.0;
ikhtiar,-4.0;
pelekok,-3.0;
betung,-3.0;
ganda,-3.0;
anjak,-3.0;
sulam,-5.0;
bengal,-4.0;
serius,-5.0;
kusut hati,-5.0;
mupus,-5.0;
kait,-4.0;
barua,-5.0;
robek,-4.0;
judes,-4.0;
belembang,-5.0;
betas,-3.0;
madat,-3.0;
sensasi,-5.0;
sandung,-5.0;
catak,-4.0;
interlokusi,-3.0;
rongseng,-4.0;
baya,-4.0;
merinin,-3.0;
tempo,-4.0;
cacing kalung,-4.0;
makmur,-3.0;
borok,-5.0;
kentara,-3.0;
restan,-3.0;
toleransi,-3.0;
caci,-5.0;
mama,-4.0;
dorong,-4.0;
pancakara,-4.0;
tenggang,-3.0;
hunjam,-4.0;
angkat tangan,-5.0;
sumbang,-4.0;
hangat,-4.0;
cekuh,-3.0;
forum,-3.0;
anjing tanah,-5.0;
juang,-3.0;
dering,-3.0;
mentok,-5.0;
jendala,-5.0;
puyeng,-4.0;
kelesa,-4.0;
tambah,-5.0;
kerdak,-4.0;
gelabur,-5.0;
tutur,-3.0;
rapat,-3.0;
fasid,-5.0;
celoteh,-4.0;
selang,-3.0;
tais,-3.0;
kelasah lusuh,-5.0;
orang orang,-3.0;
gencet,-5.0;
muat,-3.0;
bersih,-5.0;
walak,-5.0;
unit,-4.0;
anjung,-3.0;
tahi angin,-4.0;
kerekau,-3.0;
musir,-4.0;
saran,-3.0;
rangkum,-3.0;
rangkul,-3.0;
orang bunian,-4.0;
rintang,-4.0;
rangkup,-3.0;
rangkus,-4.0;
abdi,-3.0;
sesak sesak,-3.0;
prajurit,-5.0;
suari,-3.0;
obat bedil,-3.0;
sarau,-5.0;
bayu,-4.0;
miliun,-5.0;
helat,-4.0;
lisong,-3.0;
selekeh,-5.0;
kantong,-5.0;
tara,-3.0;
runcing,-4.0;
disparitas,-4.0;
lawan,-5.0;
gelongsor,-4.0;
tesis,-3.0;
relai,-5.0;
lik,-4.0;
pitam,-4.0;
tulup,-3.0;
ibadat,-3.0;
vibrasi,-3.0;
jerkah,-5.0;
fakir,-5.0;
kode,-3.0;
cencala,-5.0;
genitalia,-3.0;
sigar,-3.0;
ungkit,-3.0;
fadihat,-5.0;
indehoi,-3.0;
ta,-3.0;
akik,-3.0;
jamah,-5.0;
sewot,-5.0;
bolsak,-4.0;
dusta,-4.0;
urung,-5.0;
kasiku,-4.0;
cirit,-5.0;
jolok,-3.0;
apkir,-4.0;
penuh,-3.0;
hubung singkat,-4.0;
adiktif,-4.0;
lubuk,-3.0;
lelucon,-4.0;
umbul umbul,-3.0;
paut,-4.0;
sangkak hati,-4.0;
kadam,-3.0;
hot,-4.0;
jalan lingkar,-4.0;
terang,-3.0;
uji,-5.0;
coreng moreng,-4.0;
iri hati,-5.0;
setia,-4.0;
makmum,-3.0;
deriji,-4.0;
sedu,-5.0;
cunam,-3.0;
mu,-4.0;
sampean,-4.0;
jendera,-4.0;
menggelabu,-4.0;
bedol,-4.0;
pakai bahasa,-3.0;
arca,-3.0;
sistem,-4.0;
buang buang air,-5.0;
siasat,-3.0;
lecet,-4.0;
walang hati,-5.0;
senda gurau,-4.0;
tala tala,-3.0;
tegal,-4.0;
umpil,-3.0;
duri,-4.0;
bahasa,-4.0;
gugup,-5.0;
gugus,-4.0;
cikun cikun,-5.0;
rorod,-4.0;
rompes,-4.0;
kepalang,-3.0;
ulam ulam,-5.0;
pandemi,-5.0;
atribut,-3.0;
deskripsi,-4.0;
geblek,-5.0;
bungsu,-3.0;
sembunyi,-3.0;
anggar lidah,-3.0;
londang,-3.0;
kesel,-5.0;
rabit,-3.0;
keluarga,-3.0;
berangsang,-5.0;
hilang akal,-5.0;
junior,-4.0;
penjara,-4.0;
antitesis,-3.0;
kotor,-5.0;
cucur,-5.0;
barut,-3.0;
kelis,-3.0;
pipit,-3.0;
intiha,-3.0;
tenggalam,-3.0;
sesar,-3.0;
sesap,-3.0;
sayap,-4.0;
pelak,-3.0;
cemomot,-4.0;
bebal,-3.0;
antuk,-4.0;
lantar,-4.0;
satelit,-3.0;
angsur,-3.0;
danyang,-4.0;
seleweng,-5.0;
dangkung,-3.0;
soak,-5.0;
hujat,-4.0;
rombong,-4.0;
caing,-3.0;
sorak,-3.0;
tabur,-3.0;
imbesil,-5.0;
pelir,-5.0;
kemban,-5.0;
keris,-4.0;
cekcok,-4.0;
asan asan,-5.0;
jual murah,-3.0;
tengking,-4.0;
bantu,-4.0;
konfirmasi,-4.0;
gundang,-5.0;
pecah,-4.0;
cengkeram,-5.0;
nafi,-4.0;
sakar,-5.0;
pepet,-5.0;
ketat,-3.0;
dompol,-4.0;
cecak,-3.0;
lumur,-4.0;
lukat,-4.0;
jeli,-3.0;
aborsi,-3.0;
lembu hutan,-3.0;
jalu,-4.0;
puntianak,-5.0;
tuju,-4.0;
pinggir,-4.0;
kerabu,-5.0;
debil,-5.0;
laif,-5.0;
bentul,-3.0;
renyang,-5.0;
becak becak,-3.0;
aji,-3.0;
tabal,-3.0;
rona,-3.0;
laik,-5.0;
bundak,-3.0;
narkotik,-3.0;
resan,-5.0;
koyak,-3.0;
anggota,-3.0;
benjut,-4.0;
buni,-5.0;
sangkal,-4.0;
coleng,-4.0;
pangah,-4.0;
tindih,-4.0;
sano,-4.0;
keset,-4.0;
bening,-4.0;
hemat,-3.0;
lebar mulut,-4.0;
ambles,-4.0;
konglomerasi,-4.0;
prapendapat,-3.0;
generasi,-3.0;
tunjang,-3.0;
papas,-5.0;
abses,-4.0;
handai handai,-3.0;
jawat,-3.0;
geriap,-4.0;
sara,-3.0;
absen,-3.0;
serampu,-3.0;
candala,-5.0;
batel,-4.0;
tumpat,-4.0;
jejak,-3.0;
degil,-5.0;
masyhur,-5.0;
dangkar,-4.0;
talak,-3.0;
dengki,-5.0;
bahaya,-4.0;
guguk,-5.0;
inisiator,-4.0;
pergi,-3.0;
giat,-4.0;
cucup,-3.0;
nebeng,-3.0;
kepala angin,-3.0;
asal,-3.0;
padang luas,-3.0;
selundup,-3.0;
kusut pikir,-4.0;
galas,-4.0;
temporer,-4.0;
kocar kacir,-5.0;
sambung jiwa,-3.0;
degub,-3.0;
desak,-4.0;
laknat,-5.0;
pikir tumpul,-3.0;
gema,-4.0;
sirat,-3.0;
epidemi,-5.0;
bacok,-4.0;
kepialu,-4.0;
sepakat,-4.0;
desau,-3.0;
jenewer,-4.0;
cium,-3.0;
kernai,-4.0;
rekomendasi,-3.0;
paruh,-3.0;
loyo,-3.0;
gerah,-5.0;
sekar,-4.0;
rusuk,-4.0;
cangkul,-4.0;
trek,-3.0;
minum,-3.0;
hingar,-5.0;
wreda,-4.0;
petus,-3.0;
loksek,-4.0;
copet,-5.0;
daing,-4.0;
kongkong,-3.0;
sara bara,-5.0;
rapun,-5.0;
eban,-4.0;
tuhmah,-3.0;
perit,-4.0;
rasuk hati,-3.0;
minus,-3.0;
erot,-4.0;
sat pusat,-4.0;
sikut,-5.0;
khalifatullah,-4.0;
desersi,-3.0;
nobat,-3.0;
direksi,-3.0;
kecap,-4.0;
pamflet,-3.0;
bimbang,-4.0;
pangkur,-4.0;
bablas,-5.0;
somplak,-4.0;
mamah,-4.0;
doi,-3.0;
iming iming,-3.0;
kembang kempis,-4.0;
sabet,-5.0;
rumung,-3.0;
embat,-5.0;
jual,-3.0;
derek,-5.0;
mata betung,-3.0;
hasud,-5.0;
koteng,-3.0;
hulu,-3.0;
ban,-4.0;
patah pucuk,-5.0;
ketupat bangkahulu,-5.0;
gedang,-4.0;
sitoplasma,-5.0;
umum,-3.0;
benam,-5.0;
senyap,-4.0;
puisi,-3.0;
telerang,-3.0;
asing,-5.0;
digresi,-4.0;
penyap,-3.0;
lancip,-4.0;
hoki,-3.0;
celomes,-4.0;
implementasi,-4.0;
semrawut,-5.0;
atresia,-3.0;
lopak,-4.0;
bahana,-3.0;
mampir,-3.0;
surai,-3.0;
gambar,-3.0;
asid,-5.0;
goyang,-3.0;
rangkap,-3.0;
leku,-3.0;
langsuir,-4.0;
random,-4.0;
takal,-4.0;
pupus,-5.0;
dukun,-3.0;
mengharubirukan,-4.0;
irsyad,-3.0;
rurut,-5.0;
gelantung,-4.0;
diplomasi,-5.0;
buram,-3.0;
intai,-3.0;
carik,-5.0;
belakang,-3.0;
pelana,-3.0;
buras,-4.0;
folder,-5.0;
blangko,-3.0;
badan,-3.0;
tampar,-3.0;
poleng,-3.0;
bekam,-4.0;
tipu muslihat,-5.0;
seluk,-3.0;
jungkal,-5.0;
jengkang,-5.0;
stok,-3.0;
jalan arteri,-4.0;
buah,-3.0;
inferioritas,-5.0;
cakar,-4.0;
comberan,-4.0;
gaul,-3.0;
bab,-4.0;
tampak,-4.0;
beringas,-4.0;
rudin,-5.0;
marak,-3.0;
vampir,-5.0;
gaet,-5.0;
pincang,-4.0;
indolensi,-4.0;
cakar cakar,-4.0;
dekadensi,-5.0;
ambruk,-5.0;
rubuh,-5.0;
pawana,-4.0;
radius,-4.0;
kerikil,-3.0;
rambu rambu,-4.0;
cemar,-5.0;
lekat,-3.0;
periksa,-5.0;
lekas,-3.0;
lekap,-3.0;
cemat,-5.0;
bunting,-3.0;
disentri,-5.0;
babak,-4.0;
tingkat,-4.0;
merosot,-5.0;
atur,-4.0;
gabas,-5.0;
kohor,-3.0;
lebih,-4.0;
tunjuk,-3.0;
suplai,-3.0;
inteligen,-4.0;
gunjing,-5.0;
artikel,-4.0;
berjubal,-3.0;
semir,-5.0;
pongsu,-4.0;
tatah tatah,-5.0;
anarki,-4.0;
lam,-5.0;
mencepung,-5.0;
azab,-5.0;
tegah,-5.0;
dabih,-3.0;
sisi,-4.0;
pinak,-3.0;
cempeng,-4.0;
linguis,-3.0;
guam,-4.0;
telimpuh,-3.0;
surut,-3.0;
adil,-4.0;
pita,-4.0;
bijaksana,-4.0;
awa,-3.0;
gulat,-4.0;
sigi,-3.0;
jambak,-5.0;
cekah,-4.0;
langgar,-4.0;
lunyah,-3.0;
cepol,-4.0;
lemau,-4.0;
cekat,-4.0;
simpang siur,-4.0;
tengah,-3.0;
jebol,-3.0;
setrap,-3.0;
hadir,-3.0;
subversif,-4.0;
timang nimang,-3.0;
balkon,-3.0;
juwita,-4.0;
sila,-3.0;
tambeng,-5.0;
anyir,-4.0;
hormat,-3.0;
dekus,-3.0;
madani,-4.0;
dikit sedikit,-3.0;
ayat,-4.0;
semprot,-5.0;
reguk,-3.0;
jelata,-5.0;
berak air,-4.0;
selia,-4.0;
pejal,-3.0;
kendati,-3.0;
tunggang gunung,-4.0;
gembung,-3.0;
jodoh,-3.0;
lindur,-3.0;
tuntut,-3.0;
beredak,-5.0;
semena mena,-5.0;
kedung,-3.0;
antek,-3.0;
mandiri,-3.0;
bancang,-5.0;
perdata,-3.0;
tawon,-3.0;
isolasi,-3.0;
putus akal,-5.0;
ringan lidah,-4.0;
serempak,-3.0;
perosok,-5.0;
tebuk,-3.0;
ain,-5.0;
topek,-4.0;
alur,-4.0;
serak,-4.0;
lengar,-4.0;
aib,-5.0;
frustasi,-3.0;
semat,-4.0;
ganggang,-3.0;
bimbing,-3.0;
wujud,-3.0;
wafat,-5.0;
geluduk,-3.0;
arsip,-5.0;
upaya,-4.0;
papakerma,-5.0;
istan,-5.0;
buang air,-5.0;
tongong,-3.0;
cape,-3.0;
inventori,-3.0;
labrak,-5.0;
khinzir,-4.0;
curna,-5.0;
huni,-3.0;
rayap,-3.0;
oles,-4.0;
demonstrasi,-4.0;
cuka belanda,-5.0;
alih,-5.0;
damping,-3.0;
geletar,-4.0;
kompas,-3.0;
raib,-3.0;
pandir,-5.0;
antara,-3.0;
kelam kabut,-4.0;
tambun,-3.0;
topo,-5.0;
sunat,-5.0;
lawat,-4.0;
duaja,-3.0;
pegawai perintah,-3.0;
rahmat,-3.0;
berandal,-5.0;
libas,-4.0;
selawat,-3.0;
pangsa,-3.0;
pica,-4.0;
riba,-3.0;
sengat,-4.0;
kanun,-3.0;
tanggap,-5.0;
gugat,-4.0;
kumandang,-3.0;
boyak,-5.0;
lucah,-5.0;
cekang,-3.0;
gondok,-4.0;
ambai,-5.0;
gendak,-5.0;
dalalah,-5.0;
timpa timpa,-3.0;
sewal,-5.0;
gosip,-5.0;
mata ikan,-4.0;
muncul,-3.0;
tungku,-4.0;
ambau,-5.0;
pukang,-3.0;
terbang arwah,-4.0;
aktif,-3.0;
ruat,-4.0;
bantai,-4.0;
plonga plongo,-3.0;
keropos,-3.0;
rangkai,-4.0;
tindak,-4.0;
bantar,-4.0;
ruai,-4.0;
ruak,-4.0;
pagebluk,-5.0;
canggung,-4.0;
lenggana,-4.0;
insentif,-3.0;
rangkam,-4.0;
gegadan,-5.0;
kicau,-4.0;
kucur,-3.0;
rangkak,-3.0;
shabu shabu,-3.0;
lapor,-5.0;
unting,-5.0;
ambiguitas,-5.0;
bando,-4.0;
carak,-3.0;
celetuk,-5.0;
ledek,-5.0;
arah,-4.0;
pohon,-4.0;
rumor,-5.0;
aram,-3.0;
jelingah,-3.0;
dengus,-3.0;
dengut,-3.0;
laga,-4.0;
nasihat,-3.0;
rawan,-4.0;
murup,-3.0;
lasat,-5.0;
congor,-3.0;
tegap,-3.0;
lengkap,-3.0;
sederhana,-5.0;
jentaka,-5.0;
macis,-4.0;
amor,-4.0;
dedak,-3.0;
jereket,-3.0;
salin,-3.0;
anak pinak,-3.0;
jemu,-3.0;
sedat,-4.0;
bonggol,-4.0;
liku liku,-4.0;
hidung,-5.0;
saba,-3.0;
runtun,-5.0;
redam,-4.0;
buah hati,-3.0;
doa,-3.0;
geser,-5.0;
birokrat,-3.0;
pihak,-4.0;
elus,-3.0;
tegar,-4.0;
gegabah,-5.0;
instruksi,-3.0;
sadis,-5.0;
ting,-4.0;
kos,2.0;
sarak,-3.0;
kandas,-5.0;
agama,-3.0;
dompleng,-3.0;
menit,-3.0;
kisar,-3.0;
loak,-4.0;
dekaden,-5.0;
bukti,-3.0;
kemih,-3.0;
tabrak,-3.0;
dungkul,-4.0;
sia sia,-4.0;
kerok,-3.0;
potol,-4.0;
aliansi,-4.0;
luak,-3.0;
hantam,-5.0;
menjapit,-4.0;
rosok,-3.0;
rat,-4.0;
ujung tangan,-4.0;
encok,-5.0;
otek,-4.0;
koneksi,-4.0;
mulut rambang,-4.0;
anggara,-4.0;
gili gili,-3.0;
urine,-3.0;
kebat,-3.0;
dedah,-4.0;
armada,-5.0;
tang,-5.0;
wan,-4.0;
gamang,-3.0;
cantik,-4.0;
rembes,-3.0;
rakaat,-4.0;
terowongan,-4.0;
vakum,-3.0;
faring,-5.0;
ramah,-3.0;
lontar,-3.0;
hanyut,-4.0;
sanggit,-5.0;
esensial,-4.0;
jajar genjang,-4.0;
lalat kerbau,-4.0;
keruan,-3.0;
jaring,-4.0;
duel,-4.0;
curang,-5.0;
tengak,-4.0;
dampak,-3.0;
layu,-4.0;
balela,-4.0;
rua,-4.0;
cacau,-5.0;
inspirasi,-3.0;
amuk amuk,-4.0;
petir,-3.0;
belit belit,-4.0;
lusuh,-5.0;
siar,-3.0;
galaba,-5.0;
pental,-3.0;
darurat,-4.0;
geming,-4.0;
hangit,-5.0;
gepok,-5.0;
realisasi,-3.0;
motivasi,-4.0;
angkat,-5.0;
kungkung,-3.0;
ajar,-3.0;
luwes,-4.0;
aco,-5.0;
pegawai negeri,-3.0;
parut,-3.0;
panar,-3.0;
oyok,-3.0;
cingangah,-4.0;
tele tele,-3.0;
serap,-3.0;
hilang pikir,-4.0;
getol,-3.0;
batil,-4.0;
telanjur,-5.0;
setip,-3.0;
kalimantang,-3.0;
salah urat,-3.0;
tempat,-3.0;
motif,-3.0;
indo,-3.0;
ziarah,-4.0;
adimarga,-4.0;
solang,-3.0;
kelik,-3.0;
berogak ogak,-4.0;
pusu,-4.0;
arus udara,-4.0;
cerah,-3.0;
bambu,-3.0;
bendera,-3.0;
empedal,-5.0;
cecunguk,-5.0;
tulah,-3.0;
barkas,-5.0;
canda,-4.0;
iring iring,-4.0;
datuk,-4.0;
kacrek,-3.0;
ametis,-4.0;
segi,-4.0;
gembira,-3.0;
batalion,-5.0;
asimilasi,-3.0;
reyot,-3.0;
jumpa,-4.0;
operasi,-4.0;
bengok,-4.0;
hujung,-3.0;
inklinasi,-3.0;
istimewa,-3.0;
pencar,-5.0;
huma,-4.0;
olah,-4.0;
jalan protokol,-4.0;
sentak,-5.0;
sakit hati,-3.0;
jeri,-3.0;
tawan,-3.0;
depak,-3.0;
halilintar,-3.0;
cekung,-4.0;
pelet,-3.0;
konkretisasi,-3.0;
saya,-3.0;
sengketa,-4.0;
omong,-4.0;
ejawantah,-3.0;
bondong bondong,-3.0;
jepit leher,-4.0;
relasi,-4.0;
tebar,-3.0;
serobot,-5.0;
hamun,-5.0;
jerum,-4.0;
skors,-3.0;
cetera,-4.0;
tancap,-3.0;
detektif,-3.0;
lompong,-5.0;
pucuk,-4.0;
alas,-4.0;
cimeng,-3.0;
baku,-3.0;
kabar,-3.0;
jotos,-3.0;
rasionalitas,-4.0;
bangsal,-3.0;
raban,-4.0;
maling,-5.0;
jilid,-5.0;
bidas,-5.0;
cerat,-3.0;
cekit,-4.0;
bungkus,-3.0;
derum,-4.0;
celuk,-3.0;
angkat topi,-4.0;
muas,-5.0;
catur,-3.0;
dengkur,-3.0;
tagar,-3.0;
tumang,-4.0;
ulur lidah,-5.0;
wenang wenang,-5.0;
maula,-4.0;
ledes,-3.0;
gali,-3.0;
sebar,-3.0;
nikah,-3.0;
ceku,-5.0;
dengkul,-3.0;
jalan tol,-4.0;
sementung,-5.0;
miring,-4.0;
tumbang,-5.0;
bondot,-5.0;
undi,-5.0;
pejajaran,-4.0;
kuat,-3.0;
minta,-4.0;
ruok,-5.0;
kecai,-5.0;
legalitas,-3.0;
pilin,-5.0;
rambang,-5.0;
kaidah,-4.0;
bucu,-3.0;
popok,-4.0;
kencan,-4.0;
germo,-5.0;
cerai,-4.0;
begundal,-3.0;
kukuh,-3.0;
ruyup,-4.0;
mendung,-3.0;
liang sanggama,-4.0;
sahabat,-4.0;
gelinjang,-3.0;
kebas,-3.0;
kerja keras,-5.0;
musyawarah,-3.0;
belah ketupat,-4.0;
sawat,-5.0;
terminal,-3.0;
tingkah,-5.0;
bayan,-4.0;
kantin,-4.0;
bendel,-5.0;
koplo,-3.0;
papar,-3.0;
dalil,-3.0;
papak,-3.0;
nuansa,-3.0;
enyah,-4.0;
capit,-3.0;
rencana,-4.0;
dewan,-3.0;
ceracau,-3.0;
repot,-5.0;
kemik,-3.0;
fasilitas,-4.0;
bombastis,-3.0;
didik,-3.0;
bencat,-5.0;
kikis,-3.0;
apiun,-3.0;
bedegong,-4.0;
fulan,-3.0;
iba,-5.0;
calar,-3.0;
flu,-3.0;
untun,-3.0;
bawang,-5.0;
ranap,-5.0;
cagun,-3.0;
biut,-5.0;
andeka,-3.0;
dahsyat,-5.0;
mungkir,-5.0;
becus,-4.0;
lantik,-3.0;
kisruh,-3.0;
memedi,-4.0;
gas,-4.0;
bapet,-4.0;
intrakalimat,-5.0;
berak,-4.0;
akidah,-3.0;
rayu,-4.0;
imbang,-3.0;
senging,-5.0;
timbang,-3.0;
irik,-3.0;
juragan,-4.0;
kir,-4.0;
vital,-4.0;
begu,-4.0;
tika pangkai,-4.0;
harap harap cemas,-3.0;
warita,-4.0;
bawa,-3.0;
rabu,-3.0;
surih,-3.0;
apatis,-5.0;
adu,-4.0;
agen rahasia,-3.0;
tanding,-4.0;
data,-3.0;
hasan,-4.0;
otak udang,-5.0;
asosiasi,-4.0;
teguk,-3.0;
natural,-3.0;
loneng,-3.0;
tuah,-3.0;
tadabur,-3.0;
lancang mulut,-4.0;
prinsipil,-4.0;
karet,-3.0;
corengmoreng,-4.0;
kelompok kelompok,-4.0;
gelisah,-4.0;
waduk,-3.0;
koyak koyak,-5.0;
wajar,-5.0;
inheren,-4.0;
hilang arwah,-4.0;
metamorfosis,-3.0;
soe,-5.0;
jeringing,-4.0;
lucut,-3.0;
empal,-4.0;
berangkat,-4.0;
apes,-5.0;
mansukh,-4.0;
sulit,-5.0;
tuli,-3.0;
kacek,-4.0;
gagar,-3.0;
gawat,-5.0;
berangkal,-3.0;
tenung,-3.0;
empap,-3.0;
prosedur,-4.0;
bernas,-3.0;
hop,-5.0;
pendam,-5.0;
syair,-3.0;
semok,-4.0;
tike,-3.0;
nujum,-4.0;
sabak,-3.0;
pukul,-4.0;
solot,-4.0;
selubung,-3.0;
bentur,-4.0;
usaha,-3.0;
tengkar mulut,-5.0;
lingkar,-3.0;
ligih,-4.0;
ejakulasi,-3.0;
sepak,-3.0;
kelesah,-5.0;
lindap,-3.0;
signifikansi,-4.0;
payah,-3.0;
sinkron,-3.0;
uci uci,-4.0;
serbu,-5.0;
gerebek,-3.0;
khisit,-5.0;
lipat,-3.0;
sarangan,-3.0;
kesambet,-3.0;
sutradara,-3.0;
kata ngatai,-5.0;
cacing es,-4.0;
beguk,-4.0;
bongkak,-3.0;
kalor,-4.0;
batu dahak,-4.0;
gegap,-5.0;
lotong,-4.0;
kacau,-4.0;
gemaung,-3.0;
pekak,-3.0;
tulang,-5.0;
adab,-3.0;
cilok,-3.0;
serpih,-4.0;
hajar,-5.0;
uang sogok,-3.0;
tanggal,-4.0;
buntung,-5.0;
hajat,-5.0;
batal,-3.0;
jorong,-3.0;
uang pecah,-4.0;
desas desus,-5.0;
prahara,-3.0;
mantap,-3.0;
jalan raya,-4.0;
batuk darah,-4.0;
tempelak,-5.0;
dursila,-5.0;
rebet,-5.0;
hinap hinap,-3.0;
tunjuk asa,-3.0;
rebeh,-5.0;
hirap,-3.0;
daulat,-5.0;
hancur lebur,-5.0;
disimilaritas,-4.0;
entak,-3.0;
tradisional,-5.0;
sengut sengut,-5.0;
meriang,-4.0;
sungkan,-4.0;
angin,-5.0;
sendi,-4.0;
nama buruk,-5.0;
dongkol,-4.0;
dalal,-3.0;
rompak,-5.0;
laboratorium,-3.0;
tunduk,-5.0;
someng,-4.0;
tongkrong,-3.0;
mutlak,-3.0;
eroton,-4.0;
endemi,-5.0;
lapuk,-5.0;
rabak,-3.0;
haram,-3.0;
jangkang,-5.0;
lap,-5.0;
sumpal,-3.0;
lembeng,-4.0;
imam,-3.0;
sembrono,-5.0;
jejas,-5.0;
hala balai,-4.0;
cikun,-5.0;
bundel,-5.0;
urit,-3.0;
bloon,-3.0;
kubra,-5.0;
hujah,-4.0;
longgok,-3.0;
cempek,-4.0;
khair,-4.0;
tonjok,-5.0;
gering hulu,-4.0;
anut,-3.0;
jaran,-3.0;
pering,-3.0;
silang,-4.0;
kasih kasihan,-3.0;
cecah,-3.0;
renung,-3.0;
bincang,-3.0;
gemap,-3.0;
dinding,-5.0;
buncit,-3.0;
kerakal,-3.0;
lancang,-5.0;
enggan,-5.0;
laten,-5.0;
luluh lantak,-5.0;
todong,-5.0;
sogo,-4.0;
fiskal,-3.0;
tekak,-4.0;
perlahan lahan,-4.0;
onyak anyik,-4.0;
rembet,-4.0;
fungsionaris,-3.0;
kembang,-4.0;
dugal,-5.0;
dobel,-3.0;
celemotan,-4.0;
tanur,-4.0;
sombong,-3.0;
faktor,-4.0;
anu,-3.0;
persuasi,-3.0;
welas,-3.0;
mangau,-4.0;
ulung,-4.0;
seraga,-3.0;
bait,-3.0;
terima,-3.0;
aspiran,-5.0;
dansa,-4.0;
friksi,-5.0;
pematang,-4.0;
lenyap,-5.0;
api api,-4.0;
gidik,-4.0;
mesut,-4.0;
seret,-3.0;
mesum,-5.0;
sukat,-5.0;
golak,-5.0;
aspek,-3.0;
amblas,-3.0;
fundamental,-4.0;
abuk,-3.0;
gunduk,-3.0;
beta,-3.0;
kemplang,-5.0;
abur,-5.0;
selap,-3.0;
tembelang,-5.0;
rumah tangga,-4.0;
jebeh,-5.0;
nikmat,-3.0;
babi buta,-4.0;
tahun,-5.0;
primer,-4.0;
geligi,-4.0;
bangkang,-4.0;
fulanah,-3.0;
tubuh,-3.0;
bulat,-3.0;
layon,-4.0;
baginda,-3.0;
selempang,-5.0;
esak,-3.0;
himpun,-4.0;
kunjung,-4.0;
belot,-5.0;
kilah,-4.0;
terang akal,-4.0;
es,-3.0;
kerepot,-3.0;
hadiah,-3.0;
dedikasi,-3.0;
sekat,-5.0;
cek,-4.0;
bumi,-3.0;
moderator,-3.0;
duli,-3.0;
hebat,-4.0;
berita,-4.0;
layang,-3.0;
selak,-5.0;
buta,-3.0;
nala,-3.0;
sekop,-3.0;
incit,-4.0;
batung batung,-4.0;
gesek,-3.0;
rongkol,-5.0;
tinju,-4.0;
kurang kurang,-3.0;
daftar,-3.0;
perahu,-4.0;
khawatir,-5.0;
ruang,-3.0;
kisi,-3.0;
ajang,-3.0;
kafetaria,-4.0;
masai,-4.0;
renyam,-3.0;
patgulipat,-5.0;
terali,-4.0;
rad,-3.0;
ijab,-4.0;
meluluhlantakkan,-4.0;
beron tak,-4.0;
enjak,-3.0;
beranda,-3.0;
perus,-5.0;
ahmak,-3.0;
pepak,-3.0;
ceroboh,-5.0;
cacing pipih,-4.0;
cuak,-4.0;
bison,-3.0;
pepat,-3.0;
kotak,-3.0;
anak bedil,-3.0;
tebal hati,-5.0;
tenggak,-3.0;
lampau,-4.0;
oven,-4.0;
kumpul,-3.0;
tumbu,-4.0;
conteng,-3.0;
satron,-5.0;
rasialisme,-5.0;
kilir,-3.0;
gagu,-3.0;
langking,-4.0;
bicu,-3.0;
dogol,-5.0;
camping,-3.0;
terban,-4.0;
cutel,-4.0;
amal,-4.0;
caci maki,-5.0;
analitis,-4.0;
hipotesis,-3.0;
sejuk,-3.0;
pelik,-4.0;
bubuk,-5.0;
inhibisi,-4.0;
hawar,-5.0;
tepi,-4.0;
libat libat,-4.0;
gamak,-4.0;
tua,-4.0;
susuh,-4.0;
ingsut,-3.0;
belis,-4.0;
oyak oyak,-4.0;
embarau,-3.0;
urut urut,-4.0;
santak,-3.0;
alobar,-4.0;
musnah,-5.0;
santap,-4.0;
kembang biak,-3.0;
resek,-4.0;
kelas,-3.0;
jalan bentar,-4.0;
colak caling,-5.0;
tun,-4.0;
gelut,-4.0;
buntang,-4.0;
uring uring,-5.0;
colok,-3.0;
gedembai,-4.0;
dupleks,-3.0;
antusias,-3.0;
rompeng,-4.0;
sagang,-3.0;
benderang,-3.0;
tenggan,-3.0;
cabar,-4.0;
celopar,-4.0;
sungkit,-3.0;
pongah,-5.0;
tarung,-3.0;
mara,-4.0;
cabuh,-3.0;
cupet,-5.0;
konotasi,-3.0;
ajaib,-4.0;
busut,-4.0;
mangkel,-4.0;
pacak,-4.0;
ringan mulut,-4.0;
main muda,-3.0;
telan,-5.0;
nyelekit,-4.0;
balung,-4.0;
pilon,-3.0;
gingsir,-3.0;
lalim,-5.0;
suntik,-3.0;
takul,-3.0;
tebal,-3.0;
merana,-4.0;
tak,-3.0;
bengkak,-4.0;
balut,-3.0;
duduk perut,-3.0;
sahih,-3.0;
kaos,-4.0;
kirai,-3.0;
lembap,-4.0;
orbit,-4.0;
wimana,-4.0;
peres,-3.0;
gontok,-4.0;
kolot,-5.0;
rajin,-3.0;
damai,-3.0;
rincu,-4.0;
balur,-4.0;
mamang,-4.0;
patos,-5.0;
perkakas,-3.0;
alih bentuk,-3.0;
asfal,-5.0;
tunu,-4.0;
tambak,-3.0;
oyak,-4.0;
injak,-3.0;
hirup,-3.0;
memble,-3.0;
siat,-4.0;
bonceng,-3.0;
rucah,-5.0;
penghisapan,-4.0;
kasur,-4.0;
susu,-4.0;
cukur,-4.0;
selusuh,-3.0;
timpuk,-5.0;
main mata,-5.0;
dongok,-5.0;
jorok,-5.0;
lebu,-3.0;
lamban,-4.0;
bijak,-4.0;
antagonisme,-4.0;
hindar,-4.0;
benta,-5.0;
becak,-5.0;
mengkal,-4.0;
beban,-5.0;
sekedup,-3.0;
serikat,-3.0;
ceronggah,-4.0;
cerabih,-4.0;
perak,-4.0;
coblos,-3.0;
jompo,-3.0;
dekat,-4.0;
dendeng,-4.0;
sedia,-3.0;
ira,-3.0;
gorek api,-4.0;
safa,-4.0;
riuh,-3.0;
sembam,-4.0;
gayung,-4.0;
isotop,-3.0;
bawa berat,-3.0;
proses,-3.0;
pandai,-4.0;
imbal,-3.0;
cicik,-4.0;
kesah,-3.0;
henyak,-4.0;
insaf,-4.0;
latis,-4.0;
tagut,-4.0;
iring,-3.0;
bebas,-4.0;
pemberitahuan,-3.0;
mungkar,-4.0;
serawak,-3.0;
gurau,-4.0;
cuka jawa,-5.0;
pegari,-3.0;
bulevar,-4.0;
sendiri,-4.0;
indusemen,-3.0;
kacuk,-4.0;
kawan,-4.0;
jurik,-4.0;
leta,-5.0;
berangai,-5.0;
obrol,-4.0;
cacing tanah,-4.0;
asor,-5.0;
sebit,-4.0;
parau,-4.0;
tumpang,-3.0;
aswad,-4.0;
putar putar,-4.0;
tipeks,-3.0;
singkat,-3.0;
gonjak,-5.0;
berat kepala,-5.0;
debat,-5.0;
belai,-4.0;
mikro,-3.0;
gemas,-5.0;
tobak,-3.0;
ampela,-5.0;
hidup,-4.0;
gombong,-3.0;
pancur,-3.0;
kopyor,-4.0;
sipongang,-3.0;
cabau,-4.0;
tolol,-5.0;
taji,-4.0;
musibah,-5.0;
ibunda,-5.0;
gemuk,-3.0;
lombong,-3.0;
gundu,-4.0;
sulut,-4.0;
cetek,-3.0;
ganduh,-3.0;
kabul,-3.0;
naas,-5.0;
cengkau,-4.0;
anak cucu,-3.0;
sembunyi sembunyi,-4.0;
sepai,-5.0;
manipulator,-4.0;
iktikad,-4.0;
cekok,-3.0;
caran,-4.0;
kembar,-3.0;
divergensi,-4.0;
rombeng,-3.0;
redik,-5.0;
bongok,-3.0;
berus,-4.0;
sentuk,-4.0;
silih,-3.0;
resah,-4.0;
gelatak,-4.0;
instansi,-3.0;
kerik,-3.0;
sempit,-4.0;
jolak,-3.0;
bersikukuh,-4.0;
sokom,-4.0;
hinggap,-3.0;
ogah ogah,-4.0;
drama,-4.0;
kenes,-3.0;
tepu,-3.0;
usang,-5.0;
terpa,-3.0;
tarak,-3.0;
opium,-3.0;
kolam,-3.0;
gigis,-4.0;
selerang,-5.0;
berat tulang,-4.0;
tumor,-4.0;
murka,-5.0;
acu,-4.0;
seberang,-3.0;
penjuru,-3.0;
gedor,-4.0;
waham,-3.0;
telinga lembut,-3.0;
rayah,-5.0;
denai,-4.0;
farak,-3.0;
salah tingkah,-4.0;
garu,-4.0;
langsai,-3.0;
ganas,-4.0;
tanggang,-5.0;
adat,-5.0;
bruto,-3.0;
baskom,-4.0;
surih cakap,-5.0;
rincis,-4.0;
apit,-4.0;
tatak,-4.0;
liang,-3.0;
biarawati,-3.0;
condong,-5.0;
luang,-3.0;
mairat,-5.0;
sarit,-4.0;
nyawa,-5.0;
geret,-3.0;
senggau,-4.0;
senggak,-5.0;
kacip,-3.0;
seksualitas,-5.0;
juz,-4.0;
sarik,-3.0;
obar,-4.0;
cena,-3.0;
cuca,-5.0;
antap,-5.0;
tikam,-4.0;
embek,-3.0;
amin,-3.0;
rongga,-3.0;
landas pesawat udara,-4.0;
larat larat,-4.0;
tekad,-3.0;
empuk,-4.0;
bidai,-4.0;
konkurensi,-4.0;
delegasi,-4.0;
isbat,-3.0;
tinja,-5.0;
pengar,-4.0;
ikan kena tuba,-4.0;
ceriwis,-4.0;
kutut,-3.0;
genjang,-4.0;
usul,-4.0;
filo,-3.0;
babil,-4.0;
jajal,-4.0;
abolisi,-3.0;
kawula,-3.0;
compes,-4.0;
kelipar,-4.0;
jerepet,-3.0;
aparatus,-3.0;
jelek,-5.0;
kacang,-4.0;
lengah,-4.0;
jauh hati,-3.0;
tumbuk akal,-5.0;
lengas,-4.0;
kharab,-5.0;
keputusasaan,-5.0;
palat,-5.0;
validitas,-3.0;
sinar,-3.0;
feses,-5.0;
gebok,-3.0;
teles,-4.0;
palolo,-4.0;
liang jimak,-4.0;
setor,-3.0;
bunduk,-3.0;
potel,-5.0;
bendu,-4.0;
mukim,-4.0;
banat,-4.0;
usrek,-5.0;
serindai,-5.0;
fatwa,-3.0;
bahan,-4.0;
lafal,-4.0;
langkau,-5.0;
gembrot,-3.0;
sistematik,-3.0;
cekluk,-4.0;
tensi,-4.0;
suni,-4.0;
modal,-3.0;
sistematis,-3.0;
larut,-5.0;
takar,-5.0;
informasi,3.0;
osteoporosis,-5.0;
hakam,-3.0;
kerising,-4.0;
kalang kabut,-4.0;
urita,-3.0;
kawin,-3.0;
lerai,-3.0;
geletik,-3.0;
congek,-3.0;
gosok,-5.0;
angkut,-5.0;
labuh,-4.0;
ketus,-4.0;
solek,-4.0;
senyur,-4.0;
dakwa,-4.0;
sirep,-3.0;
bunga hati,-3.0;
tusuk nusuk,-4.0;
susur tangan,-3.0;
safinah,-3.0;
aplikasi,-4.0;
mustaka,-3.0;
ketul,-3.0;
cantol,-3.0;
insinuasi,-4.0;
terima nyata,-4.0;
korupsi,-4.0;
olet,-3.0;
turut,-3.0;
jengkel,-4.0;
gelup,-4.0;
lalah,-5.0;
belati,-4.0;
lahang,-3.0;
laur,-4.0;
caplak,-4.0;
anak,-3.0;
gang,-4.0;
telanjang,-3.0;
oceh,-4.0;
puput,-3.0;
buka mata,-3.0;
kiamat,-3.0;
sanggah,-4.0;
interupsi,-5.0;
runjang,-3.0;
sera,-5.0;
jerat,-3.0;
eklektis,-3.0;
cura,-5.0;
serah jiwa raga,-4.0;
aneksasi,-5.0;
waras,-3.0;
sun,-3.0;
sember,-4.0;
cabang,-4.0;
jeput,-3.0;
mangut,-4.0;
sorang,-3.0;
dangkal,-4.0;
spion,-3.0;
luk,-3.0;
kesomplok,-4.0;
cengkelong,-5.0;
pengang,-3.0;
formal,-3.0;
prosais,-3.0;
seni,-4.0;
gebung,-5.0;
gabal,-5.0;
sayat hati,-4.0;
sela,-5.0;
belu belai,-4.0;
kembung,-3.0;
kehuru hara,-4.0;
keliru,-5.0;
serabutan,-5.0;
gerepes,-4.0;
balairung,-3.0;
seru,-5.0;
samar,-5.0;
siklon,-4.0;
bunga,-3.0;
rancap,-4.0;
diskrepansi,-3.0;
rancau,-3.0;
gencat,-5.0;
tonggak,-4.0;
puyan,-4.0;
kerumun,-4.0;
lalai,-3.0;
enas,-5.0;
lincah,-3.0;
rancak,-4.0;
telantar,-4.0;
mati pucuk,-5.0;
congkak,-3.0;
rapat rapat,-3.0;
cakus,-4.0;
morfin,-3.0;
bongkong,-3.0;
sabung nyawa,-3.0;
aco aco,-5.0;
colek api,-4.0;
sikat,-5.0;
ami,-3.0;
bergajul,-5.0;
slebor,-5.0;
birah,-3.0;
aja,-3.0;
mulus,-5.0;
demek,-4.0;
cekik,-4.0;
lihai,-4.0;
sempena,-3.0;
taun,-5.0;
gunung,-3.0;
akar,-3.0;
taut,-4.0;
raguk,-3.0;
tuas,-3.0;
merdesa,-5.0;
mala,-5.0;
keder,-4.0;
camuk,-4.0;
pusung,-3.0;
kincit,-5.0;
cemeh,-4.0;
kafilah,-4.0;
lolos,-4.0;
hati walang,-3.0;
menceret,-5.0;
inaugurasi,-3.0;
jebur,-5.0;
rompong,-3.0;
tingau,-4.0;
hina lanyak,-5.0;
tapa,-3.0;
sadau,-3.0;
permai,-4.0;
cerita burung,-5.0;
lusuh kelasah,-5.0;
tuba,-5.0;
serta,-3.0;
tunda,-3.0;
sandar,-4.0;
narasi,-4.0;
ons,-5.0;
bengkok,-4.0;
perut,-3.0;
ketes,-3.0;
timbang nimbang,-3.0;
sumbing,-4.0;
seranah,-3.0;
seman,-5.0;
sigap,-3.0;
wangsit,-3.0;
cungkil,-4.0;
bentak,-5.0;
asumsi,-3.0;
cupul,-5.0;
lompat,-5.0;
arbitrer,-5.0;
kerosek,-3.0;
jobak,-3.0;
serenging,-5.0;
jongkok,-5.0;
teks,-3.0;
ranai,-4.0;
hakiki,-4.0;
geladir,-5.0;
anak air,-4.0;
sangsi,-5.0;
garang,-5.0;
lintar,-3.0;
dangkap,-3.0;
kejar,-3.0;
el,-3.0;
temu roma,-4.0;
mam,-5.0;
serampang,-5.0;
bekicot,-4.0;
bangle,-4.0;
usik,-5.0;
teladan,-3.0;
patuk,-5.0;
daya upaya,-4.0;
patut,-5.0;
lata,-5.0;
bengkerap,-4.0;
senat,-3.0;
corak,-3.0;
kerabat,-4.0;
luntur,-3.0;
baran,-5.0;
deklarasi,-3.0;
relevansi,-4.0;
kedut,-4.0;
idola,-3.0;
toboh,-4.0;
senteng,-5.0;
refleksi,-3.0;
jihad,-3.0;
simpatik,-4.0;
timbul,-3.0;
timbun,-3.0;
kunarpa,-4.0;
pialang,-3.0;
udak,-3.0;
berat ekor,-4.0;
kasep,-4.0;
keremus,-4.0;
gagap,-5.0;
patut matut,-3.0;
cakap angin,-4.0;
cercah,-5.0;
kubur,-3.0;
gembil,-4.0;
hilang semangat,-4.0;
reken,-3.0;
sambit,-5.0;
belingsat,-4.0;
lembaga,-3.0;
seluk beluk,-4.0;
sita,-5.0;
oyong,-4.0;
buku,-5.0;
bebat,-3.0;
pendek akal,-3.0;
beli,-3.0;
sembilu,-4.0;
mumi,-4.0;
cempala mulut,-5.0;
putih,-4.0;
tetes darah,-3.0;
bulsak,-4.0;
gapura,-4.0;
angkup,-3.0;
gereget,-4.0;
inferior,-4.0;
kunyah,-4.0;
titik berat,-3.0;
ahli bahasa,-3.0;
dampar,-5.0;
cempelung,-5.0;
gempur,-3.0;
jemari,-4.0;
resesi,-5.0;
bongkar bangkir,-5.0;
reca,-3.0;
roh jahat,-4.0;
pub,-4.0;
berat otak,-4.0;
kias,-4.0;
tutur bahasa,-3.0;
basi,-5.0;
singsing,-3.0;
sayu rayu,-3.0;
tangis,-5.0;
ampel,-3.0;
haru,-4.0;
lotre,-5.0;
amtenar,-3.0;
ketuat,-4.0;
arik,-3.0;
dongkel,-3.0;
riuk,-3.0;
wejang,-3.0;
rompyok,-5.0;
cincong,-4.0;
bangai,-3.0;
kuno,-5.0;
ketumbu,-4.0;
dina,-5.0;
tekek,-3.0;
sapi jantan,-3.0;
warta,-3.0;
pumpun,-3.0;
sivilisasi,-3.0;
batuk lelah,-4.0;
lalu,-4.0;
beda beda,-3.0;
kapal,-3.0;
laksana,-3.0;
emper,-3.0;
cetak,-5.0;
tumpul otak,-3.0;
tegak,-4.0;
bentok,-4.0;
suruk,-5.0;
talun talun,-3.0;
stori,-5.0;
bongak,-5.0;
tokok,-3.0;
renyem,-3.0;
embus,-3.0;
hitung,-3.0;
jamin,-5.0;
kering,-3.0;
gempita,-5.0;
tarah,-3.0;
kardinal,-4.0;
edar,-3.0;
pada,-3.0;
lebar,-3.0;
gebang,-4.0;
tonjol,-3.0;
goyah gerak,-4.0;
metode,-5.0;
keras kerasan,-4.0;
pantai,-4.0;
karat,-4.0;
pantak,-4.0;
gara gara,-5.0;
legalisasi,-3.0;
ginding,-4.0;
tunggul,-3.0;
karu,-5.0;
kilang,-3.0;
tosan aji,-4.0;
mulut gapil,-4.0;
agen,-3.0;
selinap,-5.0;
timpang,-4.0;
parlente,-4.0;
sontak,-4.0;
gendut,-3.0;
gel,-3.0;
sisalak,-4.0;
zero,-3.0;
lantak,-4.0;
tian,-3.0;
pasal,-4.0;
simak,-5.0;
main kayu,-3.0;
azimat,-4.0;
jalar,-3.0;
kompleksitas,-4.0;
kerkau,-4.0;
garit,-3.0;
jembalang,-4.0;
sirah,-5.0;
agam,-3.0;
silang selisih,-4.0;
bangkit,-5.0;
amah,-5.0;
cegak,-4.0;
ceracam,-4.0;
watu,-3.0;
indolen,-4.0;
sapi,-3.0;
goyah,-4.0;
muflis,-4.0;
kedai minum,-4.0;
kabin,-3.0;
pekir,-4.0;
zikir,-3.0;
lidi,-5.0;
semaput,-4.0;
kempa,-3.0;
landas,-4.0;
ukir,-5.0;
hamil,-5.0;
gaduh,-3.0;
cengung,-3.0;
hamik,-3.0;
kambuh,-4.0;
tukar,-3.0;
tukas,-5.0;
bahlul,-5.0;
makan bawang,-5.0;
sodor,-3.0;
sangit,-5.0;
belendung,-3.0;
malu mata,-4.0;
bersiteguh,-4.0;
aga,-3.0;
temperas,-3.0;
ranggah,-3.0;
reput,-3.0;
berantas,-5.0;
tudung lingkup,-5.0;
nyenyak,-4.0;
sumpek,-4.0;
kada,-3.0;
langkap,-3.0;
inai,-4.0;
giang,-3.0;
langkan,-3.0;
ambil,-5.0;
urun,-4.0;
nyenyat,-4.0;
zina,-4.0;
cahaya,-3.0;
talun,-3.0;
bedel,-4.0;
kasip,-5.0;
sapit,-3.0;
keran,-4.0;
kerai,-4.0;
oposisi,-3.0;
hardik,-5.0;
sifer,-3.0;
sakat,-4.0;
ranyah,-5.0;
gerombong,-4.0;
rambak,-3.0;
cadang,-5.0;
gela,-3.0;
daging tumbuh,-4.0;
tongkat senduk,-3.0;
lelembut,-4.0;
murus,-5.0;
tukar akal,-4.0;
mundur,-5.0;
rengeh,-3.0;
angit,-5.0;
tajak,-3.0;
porak poranda,-5.0;
reba,-5.0;
laden,-5.0;
retak,-4.0;
belulang,-3.0;
jembel,-5.0;
biksah,-5.0;
mayit,-4.0;
sampuk,-4.0;
inga,-4.0;
afiliasi,-4.0;
kaki ayam,-3.0;
sesuai bunyi,-3.0;
kendur,-3.0;
hancur,-4.0;
lambang,-3.0;
pangku tangan,-4.0;
bangkai,-4.0;
defisit,-3.0;
kelangkan,-3.0;
tapa tapa,-3.0;
semenggah,-5.0;
baktau,-5.0;
cacing,-4.0;
uyuh,-3.0;
pilu,-5.0;
baik,-3.0;
regu,-3.0;
cendala,-5.0;
kempis,-3.0;
panggang,-4.0;
rukun,-3.0;
bambung,-3.0;
perlus,-4.0;
bandit,-5.0;
palit palit,-4.0;
sembahyang,-3.0;
gaung,-3.0;
sabung,-3.0;
lecap,-4.0;
dapra,-3.0;
banteng,-3.0;
gamit,-3.0;
sempuras,-3.0;
onyok,-3.0;
kabinet,-3.0;
maherat,-4.0;
onak,-4.0;
dum,-3.0;
rasio,-4.0;
satire,-3.0;
getap,-4.0;
jerumus,-4.0;
jeraus,-3.0;
pa,-5.0;
selalu,-3.0;
khabis,-3.0;
muka,-3.0;
sadur,-3.0;
pangkal kerongkongan,-5.0;
iman,-3.0;
awut,-4.0;
kronis,-5.0;
parokial,-3.0;
cotok,-3.0;
antun,-3.0;
kuyu,-5.0;
pasang hidup,-3.0;
udara,-4.0;
biji buah,-3.0;
mitra,-4.0;
tabung,-3.0;
suka suka,-3.0;
perli,-5.0;
abon,-4.0;
dinasti,-3.0;
beranang,-3.0;
nanar,-4.0;
nakal,-5.0;
dungas,-3.0;
grip,-4.0;
huda,-3.0;
kayangan,-5.0;
alai belai,-3.0;
domba,-3.0;
sumpah serapah,-5.0;
rim,-3.0;
cerup,-3.0;
ragam,-4.0;
geladah,-3.0;
lingsir,-5.0;
open,-3.0;
obsolet,-5.0;
bengis,-5.0;
ongkang ongkang,-4.0;
anggai,-3.0;
gemeletek,-4.0;
otak telur,-5.0;
gering,-5.0;
paku,-3.0;
padu,-3.0;
rute,-4.0;
konsistensi,-3.0;
akhlak,-4.0;
pusing keling,-5.0;
nyanyang,-5.0;
dekil,-5.0;
tapak kaki,-3.0;
bonus,-3.0;
cahari,-3.0;
partai,-3.0;
gemblung,-3.0;
kenyih,-4.0;
tambus,-4.0;
bentrok,-5.0;
paganisme,-5.0;
seko,-3.0;
gabuk,-4.0;
tiup tiup,-3.0;
seloroh,-4.0;
keletah,-3.0;
sampur,-3.0;
rencah,-4.0;
sampul,-3.0;
langis,-5.0;
cempera,-5.0;
malapetaka,-5.0;
ampu,-5.0;
peluru,-3.0;
tim,-4.0;
sorong,-3.0;
lacur,-5.0;
diskredit,-4.0;
pasak,-4.0;
kolusi,-5.0;
buka,-3.0;
izin,-4.0;
garib,-4.0;
panji panji,-3.0;
rengsa,-4.0;
saksama,-5.0;
guyon,-4.0;
butek,-3.0;
sama,-3.0;
remang,-3.0;
tapak,-4.0;
kolaps,-5.0;
bengap,-3.0;
sabot,-3.0;
kecipir,-3.0;
dwiganda,-3.0;
teknik,-4.0;
khalwat,-3.0;
wasit,-3.0;
tampik,-4.0;
tidakjelasan,-5.0;
empang,-3.0;
gunting,-3.0;
jelu,-3.0;
pretel,-4.0;
intimidasi,-5.0;
hadang,-5.0;
sepit,-3.0;
jariji,-4.0;
hukum arestasi,-3.0;
didis,-4.0;
babat,-4.0;
bukat,-4.0;
sunam,-3.0;
garis,-3.0;
tanggulang,-5.0;
kukul,-3.0;
jembatan,-2.0;
sambar,-3.0;
tumandang,-3.0;
begana,-4.0;
alamiah,-3.0;
hantam kromo,-4.0;
puaka,-3.0;
pikat,-4.0;
pura pura,-4.0;
lungkang,-4.0;
kasim,-4.0;
loya,-4.0;
bembam,-4.0;
hengkang,-4.0;
akreditasi,-3.0;
darat,-4.0;
leler,-4.0;
senior,-3.0;
dahiat,-5.0;
semak,-5.0;
geligis,-4.0;
minimal,-3.0;
haru biru,-5.0;
cempung,-4.0;
parlemen,-3.0;
ceruk,-3.0;
talenan,-5.0;
odoh,-5.0;
budek,-3.0;
jarum,-5.0;
barbar,-5.0;
tampuk,-3.0;
sobek,-3.0;
perang hati,-4.0;
bingung,-3.0;
peniti,-4.0;
munding,-3.0;
letup,-3.0;
letus,-4.0;
modar,-5.0;
duyun duyun,-3.0;
tempel,-3.0;
singkat akal,-3.0;
salak,-3.0;
kebun,-4.0;
hasad,-5.0;
gilas,-4.0;
selektif,-3.0;
muntup,-3.0;
alahan,-3.0;
keras,-4.0;
kelamin,-3.0;
gelung,-3.0;
kelengar,-4.0;
lopak lapik,-4.0;
timpal,-5.0;
mariyuana,-3.0;
mahkamah,-3.0;
jerohok,-4.0;
ringkik,-3.0;
caba,-4.0;
anekdot,-4.0;
tenggarang,-4.0;
leduk,-4.0;
serengit,-4.0;
sentil,-5.0;
menggelinyau,-3.0;
gondol,-5.0;
kelimut,-3.0;
gorong gorong,-4.0;
aksa,-4.0;
mikat,-4.0;
serik,-3.0;
otak ayam,-5.0;
kenyam,-3.0;
begal,-5.0;
grup,-4.0;
hina caci,-5.0;
benah hati,-3.0;
luncas,-3.0;
kecoh,-4.0;
syak,-3.0;
lakon,-4.0;
gumam,-3.0;
tengkoh,-3.0;
korup,-5.0;
pranatal,-3.0;
uras,-3.0;
adu mulut,-4.0;
kulak,-3.0;
cantrik,-3.0;
titi,-3.0;
invalid,-5.0;
besi tua,-4.0;
brokat,-4.0;
nilai,-4.0;
khatimah,-3.0;
argumen,-4.0;
keropok,-3.0;
draw,-3.0;
kuak,-5.0;
beslah,-4.0;
cacing pita,-4.0;
lelung,-3.0;
batang,-4.0;
beol,-5.0;
caruk,-4.0;
cengkam,-4.0;
kenan,-3.0;
bagus,3.0;
carut,-5.0;
ladang,-4.0;
awur,-4.0;
aiku,-5.0;
pasok,-3.0;
cengger,-3.0;
centang,-5.0;
cacing palolo,-4.0;
gagang,-5.0;
cacing hitadid,-4.0;
reaksi,-5.0;
lipat ganda,-3.0;
landai,-3.0;
keping keping,-5.0;
agak,-3.0;
jalan layang,-4.0;
gamat,-5.0;
kocok,-3.0;
rum,-3.0;
bentan,-4.0;
ngeang,-4.0;
miskin,-5.0;
suram,-5.0;
pekuk,-3.0;
asmara,-4.0;
praduga,-3.0;
rejeng,-3.0;
trayek,-4.0;
wakil,-3.0;
implikasi,-3.0;
pulang,-3.0;
posisi,-5.0;
ambang,-5.0;
kecewa,-3.0;
tangkal,-4.0;
travesti,-5.0;
fatal,-5.0;
celih,-4.0;
manasuka,-4.0;
perang mulut,-5.0;
adam,-5.0;
tasyakur,-4.0;
sayung,-4.0;
embah,-3.0;
sabil,-4.0;
puruk,-4.0;
manifestasi,-3.0;
sabit,-3.0;
takluk,-4.0;
oleng,-3.0;
beloon,-3.0;
terkam,-4.0;
horor,-5.0;
lutu,-4.0;
suka hati,-3.0;
akut,-5.0;
ikhtisar,-3.0;
tanggul,-3.0;
usak,-3.0;
presentasi,-3.0;
comblang,-5.0;
jalang,-4.0;
hasut,-4.0;
polusi,-4.0;
sumarah,-4.0;
seleder,-5.0;
firasat,-4.0;
buncah,-5.0;
yunior,-4.0;
kabil,-4.0;
kapuk,-3.0;
fosil,-4.0;
ogel,-4.0;
kecam,-5.0;
biji mata,-3.0;
bisa,-5.0;
purbasangka,-3.0;
kafe,-4.0;
awut awut,-5.0;
tugal,-4.0;
kicik,-3.0;
mesra,-3.0;
gelopak,-4.0;
rekam,-3.0;
peretel,-4.0;
ngotot,-4.0;
kontak,-4.0;
panjat doa,-3.0;
tunang,-4.0;
karang,-4.0;
bilik,-3.0;
tumbang vertikal,-3.0;
serasi,-4.0;
susul,-3.0;
ikat rambut,-4.0;
pera perai,-5.0;
upah,-3.0;
leja,-5.0;
manggak,-5.0;
getun,-4.0;
polan,-3.0;
burai,-5.0;
tengku,-4.0;
kecantol,-3.0;
bala bencana,-5.0;
menceng,-4.0;
sesat pusat,-4.0;
bendoro,-4.0;
tipu,-3.0;
aksioma,-3.0;
ekor,-3.0;
broker,-3.0;
warna,-3.0;
cerkau,-4.0;
belas,-3.0;
tua bangka,-3.0;
daki,-4.0;
budaya,-5.0;
bulan,-4.0;
menghancurluluhkan,-4.0;
bahtera,-3.0;
jiplak,-3.0;
dedemit,-4.0;
belit,-3.0;
janggal,-4.0;
tingkuh,-4.0;
taruh syak,-3.0;
sudi,-3.0;
raut,-3.0;
desa,-3.0;
penis,-5.0;
urgen,-4.0;
pidana,-3.0;
badai,-4.0;
seringing,-4.0;
jajah,-5.0;
anak bukit,-4.0;
risak,-4.0;
redang,-4.0;
ancai,-5.0;
sawar,-5.0;
rida,-3.0;
sosi,-5.0;
gembol,-4.0;
sirkuler,-3.0;
timah panas,-3.0;
tukik,-4.0;
lorong,-4.0;
taruh,-3.0;
roda,-5.0;
daras,-5.0;
sudu,-3.0;
jeran,-3.0;
megat,-3.0;
tegang,-4.0;
slip,-5.0;
hisap,-3.0;
silu,-5.0;
pentung pentung,-4.0;
dera,-5.0;
talas,-3.0;
gebos,-5.0;
cuai,-4.0;
resap,-3.0;
jelek jelek,-4.0;
sepenuh,-3.0;
tedak,-4.0;
pales,-4.0;
rintik,-3.0;
solokan,-4.0;
brengsek,-5.0;
hawa,-4.0;
sulalah,-3.0;
junam,-4.0;
terjang,-3.0;
alkisah,-4.0;
randu,-4.0;
gulana,-4.0;
kromatis,-3.0;
gigih,-4.0;
obral,-3.0;
gurau senda,-4.0;
gelagat,-4.0;
gegetun,-4.0;
gali gali,-4.0;
awan,-3.0;
cecap,-5.0;
pegal hati,-4.0;
wedus,-3.0;
sangga,-3.0;
sertifikat,-4.0;
butut,-5.0;
rendah,-5.0;
rusa,-4.0;
plongah plongoh,-3.0;
sobat,-4.0;
wawa,-3.0;
adu lidah,-3.0;
memorakporandakan,-3.0;
butuh,-5.0;
kandung,-3.0;
ikat janji,-4.0;
dungu,-5.0;
lulur,-3.0;
kelati,-3.0;
raba,-3.0;
engkau,-4.0;
buhuk,-4.0;
sungguhpun,-3.0;
auta,-4.0;
harap harap,-5.0;
ingar,-5.0;
labuda,-3.0;
nihil,-4.0;
selokan,-4.0;
juru damai,-3.0;
hantar,-5.0;
surah,-4.0;
amburadul,-5.0;
peras,-4.0;
langka,-5.0;
riang gembira,-3.0;
ambal,-4.0;
bentang,-3.0;
guyub,-3.0;
globe,-3.0;
randek,-3.0;
lerak,-4.0;
banal,-3.0;
bogem,-5.0;
kritik,-5.0;
sekutu allah,-5.0;
menir,-4.0;
hampa,-3.0;
sangkak,-5.0;
ladah,-5.0;
calit,-5.0;
injeksi,-3.0;
bangang,-3.0;
residivis,-5.0;
deras,-3.0;
kritis,-5.0;
bobot,-5.0;
peruk,-4.0;
lajat,-5.0;
linang,-3.0;
celonok,-3.0;
tamu,-4.0;
kaus,-4.0;
kewalahan,-3.0;
kernyih,-4.0;
mudik,-3.0;
melankoli,-5.0;
kanak kanak anyir,-3.0;
dasar,-4.0;
lungse,-4.0;
cerabah,-5.0;
orang halus,-4.0;
bufer,-3.0;
abar,-5.0;
sempurna,-3.0;
raja,-3.0;
buas,-5.0;
tanam,-5.0;
sajen,-4.0;
anak penak,-3.0;
liplap,-3.0;
zat mabuk,-3.0;
retas,-3.0;
pariwara,-3.0;
gamam,-4.0;
aru,-5.0;
lewat,-3.0;
sedot,-3.0;
adegan,-4.0;
capak,-4.0;
kufur,-5.0;
kerbau,-3.0;
bercak,-5.0;
lumer,-3.0;
layak,-5.0;
sirap,-4.0;
kumbang,-4.0;
vagina,-4.0;
ulas pers,-3.0;
gulung tikar,-5.0;
cabik,-3.0;
latah,-5.0;
puak puak,-4.0;
kekol,-3.0;
seladang,-3.0;
ihwal,-4.0;
cendekia,-4.0;
gohong,-3.0;
amandel,-5.0;
kepetang,-3.0;
pasang,-3.0;
kelompang,-3.0;
selesai,-4.0;
ras,-4.0;
udi,-5.0;
tilas,-3.0;
sakit sakit,-4.0;
timburu,-5.0;
tampel,-3.0;
tepi mata,-3.0;
tangap,-5.0;
paralelogram,-4.0;
cerita,-4.0;
belanja,-3.0;
unam,-3.0;
cema,-5.0;
idap,-5.0;
perban,-3.0;
boksen,-5.0;
pijat pijat,-5.0;
pampat,-5.0;
minhaj,-4.0;
defekasi,-5.0;
abdi negara,-3.0;
lalat hijau,-5.0;
bawat,-5.0;
kirap,-3.0;
mengirat,-5.0;
asah,-3.0;
tolok,-3.0;
perlina,-3.0;
mil,-3.0;
bunda,-5.0;
anglo,-4.0;
krista,-4.0;
blobor,-3.0;
rampus,-5.0;
jari,-4.0;
hembalang,-3.0;
destar,-4.0;
cemburu,-5.0;
resonansi,-3.0;
gurun,-3.0;
tumpul,-3.0;
guruh,-3.0;
induk semang,-4.0;
gerombol kawan,-4.0;
kepala udang,-3.0;
pancar,-3.0;
sendal,-3.0;
bosun,-4.0;
gurub,-5.0;
batuk batuk,-4.0;
ovipositor,-3.0;
intrinsik,-4.0;
dadah,-4.0;
awi,-3.0;
tumpur,-5.0;
putau,-3.0;
ampai,-4.0;
ifrit,-4.0;
lengkur,-3.0;
selentik,-4.0;
embal,-4.0;
lahap,-5.0;
jangkit,-5.0;
mencampurbaurkan,-4.0;
bencana,-5.0;
parak,-4.0;
tunasusila,-5.0;
ampas,-3.0;
kepada tuhan,-3.0;
ralip,-5.0;
kepal,-5.0;
mulut gatal,-4.0;
galak,-4.0;
usap,-4.0;
anak ana,-3.0;
jernih,-3.0;
dongkrak,-3.0;
cukup,-3.0;
nis,-3.0;
liwa,-3.0;
peng,-3.0;
ceker,-3.0;
vonis,-3.0;
belinjo,-3.0;
racik,-4.0;
rompoh,-4.0;
sulfur,-3.0;
pancang,-3.0;
kencar kencar,-4.0;
lela,-4.0;
silap,-4.0;
gemal,-5.0;
habis akal,-5.0;
kidib,-3.0;
kabar burung,-5.0;
silam,-4.0;
beri,-3.0;
histeris,-4.0;
tegur ajar,-5.0;
lali,-4.0;
kemamang,-4.0;
cepat,-3.0;
incang incut,-4.0;
tarik,-4.0;
ning,-5.0;
ganar,-4.0;
kesup,-3.0;
bir,-5.0;
influensa,-3.0;
durjana,-5.0;
biarpun,-3.0;
setek,-4.0;
kantong perut,-5.0;
pelesit,-4.0;
lumut,-3.0;
dialog,-3.0;
ujung,-3.0;
ikat,-5.0;
teguh,-3.0;
kirim,-5.0;
khasi,-4.0;
jenaka,-3.0;
goncang,-3.0;
gumul,-4.0;
sidik midik,-3.0;
stagnasi,-5.0;
blaster,-3.0;
rentak,-3.0;
penuh sesak,-3.0;
kakas,-3.0;
celomok,-4.0;
cacing rambut kuda,-4.0;
moncong,-3.0;
senta,-5.0;
gesel,-3.0;
rempak,-4.0;
bangsawan,-3.0;
kukur,-3.0;
kelam,-4.0;
bujuk,-3.0;
amput,-3.0;
jahit,-5.0;
salut,-3.0;
alienasi,-3.0;
tali jantung,-3.0;
lengkesa,-3.0;
durkarsa,-5.0;
sesat,-4.0;
puncak,-3.0;
puatang,-5.0;
tangkas,-4.0;
komunikasi,-4.0;
pusang,-5.0;
sempelah,-4.0;
bakti,-3.0;
romong,-4.0;
morat marit,-3.0;
jalur,-4.0;
gebu,-3.0;
murca,-4.0;
lisut,-4.0;
distingsi,-4.0;
gerobak,-4.0;
buletin,-3.0;
teologis,-4.0;
jeramah,-4.0;
garwa ampil,-5.0;
mungil,-4.0;
sumpit,-3.0;
menggerenyam,-3.0;
epigon,-3.0;
rayau,-4.0;
rentang rentang,-5.0;
pipih,-3.0;
aparat,-3.0;
kucar kacir,-5.0;
nyaman,-4.0;
krisis,-4.0;
pengap,-4.0;
adon,-4.0;
spektakel,-3.0;
keras kepala,-4.0;
seruput,-3.0;
lawas,-4.0;
cagar,-3.0;
padang pasir,-3.0;
minim,-3.0;
selebaran,-3.0;
leting,-3.0;
garong,-5.0;
cembung,-3.0;
kuwur,-4.0;
cerita reka,-4.0;
cengang cengang,-3.0;
bosman,-4.0;
domot,-5.0;
libat,-3.0;
sirna,-5.0;
aba aba,-3.0;
karavan,-4.0;
suka ganggu,-4.0;
penggal lidah,-5.0;
ekofraksia,-5.0;
baterai,-3.0;
pertiwi,-3.0;
geramus,-4.0;
sayu rawan,-3.0;
sepuk,-5.0;
sajak,-3.0;
prosa,-4.0;
kupak,-3.0;
cerna,-5.0;
beleter,-4.0;
anom,-4.0;
tarekat,-4.0;
rawak,-5.0;
tupai,-5.0;
kasemat,-3.0;
abnormalitas,-4.0;
jalan,-4.0;
cemuas,-4.0;
dam,-3.0;
ekspirasi,-3.0;
singgang,-4.0;
rasi,-3.0;
cacing gelang gelang,-4.0;
ludes,-5.0;
pedar,-4.0;
waswas,-3.0;
aju,-3.0;
buang hajat,-5.0;
bala,-5.0;
taksa,-5.0;
daya,-4.0;
parap,-3.0;
larat,-3.0;
pelor,-3.0;
gastroenterologi,-5.0;
bangbung,-4.0;
ongok,-3.0;
saku,-3.0;
tagak,-5.0;
safih,-4.0;
tulang punggung,-3.0;
pijar,-3.0;
ganas cabul,-4.0;
titis darah,-3.0;
jaras,-5.0;
kalimat,-3.0;
beset,-4.0;
jantung hati,-3.0;
bebel,-5.0;
sukaria,-3.0;
konveks,-3.0;
histeria,-5.0;
konsumsi,-4.0;
jun,-5.0;
komunitas,-3.0;
silang sengketa,-4.0;
korek api,-4.0;
mantik api,-4.0;
bulus,-5.0;
detak,-3.0;
golong,-3.0;
besot,-3.0;
resultan,-3.0;
hias,-4.0;
buluh,-3.0;
nira,-3.0;
resurjensi,-5.0;
tonton,-4.0;
tiup,-3.0;
lalap,-4.0;
muring,-5.0;
seka,-4.0;
lalak,-3.0;
bingit,-5.0;
ronggang,-3.0;
tunggak,-4.0;
kisi kisi,-4.0;
rumbing,-4.0;
lahir,-3.0;
lenyap darat,-4.0;
jenazah,-4.0;
pagi,-3.0;
candal,-5.0;
cat,-3.0;
isi,-5.0;
puspamala,-3.0;
gempil,-4.0;
tetas,-4.0;
baret,-3.0;
cekam,-4.0;
dakap,-3.0;
tempiar,-3.0;
tuil,-3.0;
silap mata,-5.0;
lintang,-4.0;
handai,-4.0;
serutu,-3.0;
pesawat,-3.0;
empos,-3.0;
ganteng,-4.0;
bedeng,-3.0;
kelompok,-5.0;
belam,-3.0;
rajalela,-4.0;
lancut,-4.0;
tampil,-3.0;
kereseng,-4.0;
tikai,-4.0;
moral,-4.0;
sasana,-3.0;
liput,-3.0;
restoran,-4.0;
iris,-4.0;
bisul,-4.0;
palka,-3.0;
lembu,-3.0;
sarung,-3.0;
tafakur,-3.0;
gundal,-3.0;
teliti waskita,-3.0;
gundah,-5.0;
yuwaraja,-4.0;
cacing kentar,-4.0;
bangkrut,-5.0;
terbang pikir,-4.0;
kera,-3.0;
cengkedi,-4.0;
sanggup,-5.0;
cocor,-3.0;
solid,-3.0;
kampung,-5.0;
ayal,-3.0;
nuzul,-4.0;
jejal jejal,-3.0;
jejap,-4.0;
belang,-5.0;
agung,-4.0;
alat negara,-3.0;
banci,-5.0;
ingsar,-3.0;
tika,-5.0;
hancai,-5.0;
tugur,-3.0;
kitab,-3.0;
ilat,-5.0;
selar,-4.0;
sadran,-4.0;
cium tanah,-5.0;
mangkir,-3.0;
pasu,-5.0;
beranta,-5.0;
bacar mulut,-4.0;
uit,-4.0;
gamblang,-5.0;
kemam,-3.0;
kemal,-4.0;
mambang,-4.0;
ketam,-3.0;
ragu ragu,-3.0;
kuning,-4.0;
gaib,-5.0;
ajuk,-5.0;
encang,-3.0;
beloh,-5.0;
nal,-3.0;
ronta,-3.0;
lenceng,-3.0;
sapu nyapu,-4.0;
kecut,-4.0;
ekspres,-3.0;
jeblok,-5.0;
mengerinyau,-3.0;
gertak,-5.0;
kurap,-4.0;
buari,-4.0;
kanji,-3.0;
dura,-3.0;
alku,-5.0;
lelap,-5.0;
meleset,-3.0;
kepompong,-5.0;
lubang jarum,-5.0;
kurbal,-3.0;
hinggut,-3.0;
gegar,-3.0;
jalan setapak,-4.0;
jalan tikus,-4.0;
sentong,-3.0;
rel kereta api,-4.0;
balai,-3.0;
meteor,-4.0;
sunggit,-4.0;
batu loncat,-3.0;
bondong,-4.0;
gerenyot,-4.0;
genap,-3.0;
coreng,-4.0;
pijak,-3.0;
nona,-3.0;
cerita anak,-4.0;
gerinjam,-4.0;
keseleo,-3.0;
grecok,-4.0;
genah,-5.0;
kemu,-3.0;
selip,-3.0;
hubung,-3.0;
fakta,-3.0;
rembas,-5.0;
rampak,-5.0;
pencil,-5.0;
kepinding,-5.0;
abar abar,-5.0;
leyu,-4.0;
pilak,-5.0;
cacing keremi,-4.0;
nyenyeh,-4.0;
kantong kering,-4.0;
senewen,-4.0;
tetap,-5.0;
kacang botor,-3.0;
hai,3.0;
ekstensif,3.0;
paripurna,1.0;
detail,2.0;
pernik,3.0;
hello,2.0;
promo,3.0;
terimakasih,5.0;
cover,3.0;
statistik,1.0;
keluang,3.0;
jalan buka,3.0;
banyak,3.0;
silah,3.0;
semboyan,2.0;
akses,2.0;
hi,1.0;
makasih,4.0;
halo,1.0;
thanks,3.0;
diva,2.0;
aktivasi,2.0;
suasana hati,1.0;
dinamika,3.0;
tuhan,3.0;
merespon,3.0;
guna,1.0;
kupon,3.0;
pelihara,4.0;
awat,5.0;
tari,1.0;
pesta,4.0;
allah,5.0;
negosiasi,2.0;
follback,1.0;
pelamin,4.0;
yasalamualaika,3.0;
uang lelah,2.0;
parsel,2.0;
amplop,3.0;
uang rokok,2.0;
persen,2.0;
baksis,2.0;
tanda mata,2.0;
angpau,4.0;
hibah,4.0;
upa,2.0;
bingkis,4.0;
suvenir,4.0;
reputasi,2.0;
gelar,2.0;
serep,2.0;
invite,1.0;
dendang,2.0;
gita,2.0;
gending,1.0;
lagu,2.0;
langgan,2.0;
lezat,2.0;
peran,2.0;
partisipasi,3.0;
kuntit,1.0;
sohib,3.0;
yakin,3.0;
haloo,3.0;
hellooo,2.0;
good,5.0;
alhamdulillah,5.0;
unek unek,2.0;
saksi,1.0;
hiii,1.0;
menginterprestasikan,1.0;
imla,1.0;
tafsir,2.0;
arti,1.0;
payu,2.0;
tertawa,4.0;
orak senyum,2.0;
mesem,2.0;
oke,4.0;
ayo,4.0;
buntut,1.0;
pustaka,4.0;
sir sir,2.0;
patroli,2.0;
ronda,2.0;
sambang,2.0;
guru,3.0;
tuntut ilmu,4.0;
timba ilmu,4.0;
cari ilmu,4.0;
luck,4.0;
sekolah,3.0;
gali ilmu,4.0;
harmonisasiuniv,2.0;
sreg,2.0;
wangi,4.0;
merdu,5.0;
harum,5.0;
legit,4.0;
inkorporasi,3.0;
serunda,2.0;
helloo,1.0;
page,2.0;
panti,2.0;
rumah,3.0;
simplistis,3.0;
jamil,2.0;
cawis,2.0;
dandan,4.0;
andini,2.0;
saji,4.0;
sholat,5.0;
pasti,3.0;
suguh,2.0;
panjang,2.0;
fiesta,3.0;
jomblo,1.0;
medali,4.0;
langkah kanan,3.0;
kooperasi,1.0;
gedembal,2.0;
wedel,2.0;
kedot,2.0;
keikutsertaan,3.0;
tatap,1.0;
gratis,4.0;
busana,2.0;
free,3.0;
wkwkwk,3.0;
maslahat,2.0;
mujur,4.0;
hujan gerimis,1.0;
support,4.0;
gerimis,1.0;
thank,4.0;
hujan ringan,2.0;
tungkai,2.0;
terima kasih,4.0;
anyar,4.0;
hallo,4.0;
happy,5.0;
ketemu,1.0;
mudah mudah,1.0;
modern,3.0;
gelebah,2.0;
simpel,3.0;
puspa,4.0;
bonafide,3.0;
puspita,3.0;
perempuan cantik,5.0;
kesuma,3.0;
primadona,5.0;
tulus ikhlas,5.0;
lugas,4.0;
kusuma,4.0;
gari,3.0;
asah asih asuh,2.0;
hay,1.0;
jelas,1.0;
atensi,2.0;
shalat,4.0;
dzuhur,1.0;
tips,4.0;
longgar,3.0;
respon,2.0;
only,1.0;
luas,3.0;
tembus,3.0;
peria,2.0;
respons,3.0;
sahut,1.0;
sambut,3.0;
wahyu,4.0;
maha,4.0;
lindung,4.0;
hii,3.0;
dependen,3.0;
teguh hati,4.0;
sampai,2.0;
syukur,5.0;
jernih suasana,1.0;
nunggu,1.0;
tekun,4.0;
selamat,5.0;
gapai,3.0;
kuasa,3.0;
iritasi,1.0;
elite,5.0;
asket,2.0;
cita,3.0;
interferensi,2.0;
raih,2.0;
asik,4.0;
ready,1.0;
pantar,1.0;
pantau,2.0;
fans,2.0;
provokasi,1.0;
baring,2.0;
sporadis,2.0;
rengkuh,1.0;
yoga,1.0;
yes,3.0;
top,5.0;
mood,2.0;
dengerin,3.0;
jempol,4.0;
yahud,4.0;
pasar uang,2.0;
hebring,3.0;
aduhai,4.0;
yuuk,4.0;
profitabel,4.0;
senyumin,3.0;
laba,4.0;
insyaallah,2.0;
khasiat,4.0;
berkat,1.0;
hikmah,2.0;
siph,2.0;
wewenang,2.0;
mojang,2.0;
lunch,3.0;
aziz,2.0;
favorit,5.0;
okay,4.0;
tani,2.0;
cicip,3.0;
laun,1.0;
bilas,1.0;
lunas kapal,2.0;
reparasi,3.0;
gontai,1.0;
live,3.0;
pandu,3.0;
gurufavorit,3.0;
friends,3.0;
rektifikasi,1.0;
mamak,2.0;
citra,2.0;
andai,2.0;
assalamualaikum,3.0;
arabika,2.0;
bayang,2.0;
rekonsiliasi,4.0;
simbok,2.0;
saldo,2.0;
islam,4.0;
filial,2.0;
putar,1.0;
inovasi,4.0;
deposito,3.0;
hy,1.0;
komedi,3.0;
bebodoran,2.0;
deket,1.0;
dewasa,2.0;
dagel,3.0;
kasad,1.0;
tawakal,3.0;
cash,2.0;
pamrih,1.0;
join,1.0;
pancaroba,1.0;
modifikasi,2.0;
khusyuk,3.0;
adi,2.0;
sob,2.0;
vote,1.0;
iflix,1.0;
gratifikasi,2.0;
pamit,2.0;
ekstra,3.0;
angguk,1.0;
joli,1.0;
herbal,2.0;
sesuai,3.0;
sekata,3.0;
utopia,2.0;
rahim,2.0;
geleser,1.0;
special,4.0;
nafkah,3.0;
sabar,5.0;
mufakat,4.0;
karunia,4.0;
komisi,3.0;
check,1.0;
nasi,2.0;
substansial,1.0;
trima,1.0;
bagi,2.0;
tiara,3.0;
lanjut,1.0;
pelancar,2.0;
say,1.0;
ajak,1.0;
publikasi,2.0;
hastag,1.0;
diskaun,3.0;
jumat,2.0;
babe,3.0;
rapal,1.0;
setir,1.0;
muslim,3.0;
rinai,1.0;
swagriya,2.0;
maksimal,3.0;
smartphone,1.0;
sharing,3.0;
lovers,4.0;
bahas,2.0;
lenggang,2.0;
monggo,3.0;
aba,2.0;
abi,2.0;
queen,2.0;
ekonomis,3.0;
refresh,2.0;
orang islam,2.0;
nice,4.0;
ayahanda,1.0;
toreh,1.0;
definit,2.0;
jali,2.0;
konkret,3.0;
chat,3.0;
alim,2.0;
fanbase,3.0;
reseptor,2.0;
maujud,2.0;
merah jambu,3.0;
eviden,3.0;
sensibel,2.0;
coffee,2.0;
sparing,3.0;
real,2.0;
biasa,2.0;
simpul,3.0;
rizki,4.0;
sweet,3.0;
adzan,3.0;
transparansi,2.0;
salamat,4.0;
dear,2.0;
candang,2.0;
jalanin,2.0;
pandai bicara,3.0;
alim arif,4.0;
single,3.0;
langgam,2.0;
merah muda,3.0;
kesatria,2.0;
determinasi,3.0;
medium,2.0;
jentelmen,3.0;
faktual,3.0;
krim,1.0;
jamiah,1.0;
tunggu dunia,2.0;
tayang,2.0;
snapback,2.0;
pinky,3.0;
favorite,4.0;
couple,2.0;
syarikat,3.0;
drum,2.0;
tengkurap,2.0;
nada,2.0;
yukk,4.0;
hostel,1.0;
rembuk,3.0;
pesanggrahan,2.0;
pose,3.0;
mobil,1.0;
care,2.0;
baju,2.0;
adaptasi,2.0;
help,2.0;
konferensi,2.0;
gerak gerik,1.0;
sikap,1.0;
selaras,3.0;
hamba allah,3.0;
habituasi,1.0;
ciyeee,1.0;
renang,1.0;
itihad,3.0;
inap,2.0;
bismillah,4.0;
kualitas,4.0;
stabil,4.0;
parkir,1.0;
arung,1.0;
enjoy,3.0;
motel,1.0;
telungkup,1.0;
booking,2.0;
plus,2.0;
reply,2.0;
losmen,2.0;
kenek,1.0;
tukar pikir,3.0;
teh,1.0;
hotel,1.0;
perilaku,2.0;
rajah,1.0;
gerak laku,1.0;
semerbak,2.0;
arsitektur,2.0;
size,1.0;
diskon,2.0;
konstelasi,2.0;
gelak,4.0;
sketsa,2.0;
tingkah laku,1.0;
karya,3.0;
great,3.0;
sanjung sanjung,2.0;
rata,1.0;
antologi,1.0;
selfie,2.0;
kiprah,3.0;
verbal,1.0;
puji muji,4.0;
aksi,2.0;
ngopi,3.0;
solo,2.0;
eaa,1.0;
koleksi,1.0;
pertahanin,1.0;
undang,2.0;
patuh,4.0;
lambung,2.0;
rohaniah,2.0;
ratu,2.0;
cium telapak kaki,1.0;
mahal,-4.0;
puas,3.0;
siuman,3.0;
lupain,1.0;
musik,2.0;
streng,1.0;
sponsor,2.0;
dukung,4.0;
telaten,4.0;
suporter,3.0;
tangan,1.0;
tetap hati,3.0;
solusi,3.0;
homogen,2.0;
sastra,2.0;
import,2.0;
lukis,2.0;
perkasa,4.0;
esai,2.0;
sumbu,2.0;
slow,1.0;
dogmatis,2.0;
sokong,3.0;
rilis,3.0;
hikmat,3.0;
resolusi,3.0;
kuat batin,3.0;
alot,1.0;
simple,3.0;
okeey,2.0;
mancing,2.0;
proud,5.0;
voucher,3.0;
teguh batin,3.0;
berkah,4.0;
arak,2.0;
mimpi,2.0;
team,1.0;
silir milir,2.0;
moga moga,1.0;
yaaaa,1.0;
kado,2.0;
terimaksih,4.0;
limpah,1.0;
doain,2.0;
baby,2.0;
challenge,2.0;
welcome,4.0;
jilbab,3.0;
game,2.0;
tuntas,2.0;
temennya,1.0;
masjid,3.0;
kucup,2.0;
bantuin,3.0;
ibadah,4.0;
pelangi,4.0;
rejeki,4.0;
tunai,3.0;
quran,3.0;
produktif,2.0;
alhamdulilah,3.0;
rampung,3.0;
ikhlas,4.0;
shiawase,2.0;
kam,2.0;
subur,2.0;
religi,1.0;
birthday,4.0;
khayal,2.0;
parade,1.0;
surau,2.0;
milik,1.0;
koordinasi,1.0;
normal,1.0;
sejati,3.0;
pseudonim,2.0;
juta,2.0;
ustazah,3.0;
dicuekin,1.0;
judul,2.0;
novel,2.0;
resmi,5.0;
sukacita,2.0;
libur,3.0;
prospek,3.0;
gurih,1.0;
matahari,2.0;
visi,2.0;
familiar,2.0;
substansi,1.0;
ganjar balas,1.0;
jago,3.0;
irama,4.0;
artis,2.0;
portofolio,2.0;
alaikum,2.0;
invitasi,2.0;
entitas,1.0;
premium,2.0;
fantasy,2.0;
mentab,2.0;
salambersama,1.0;
muji,2.0;
poin,2.0;
sedap,5.0;
lulus,5.0;
ijtihad,3.0;
ahli agama,1.0;
pangeran,1.0;
sahaja,2.0;
rasai,1.0;
solat,1.0;
silaturahim,4.0;
pundi pundi,2.0;
promote,3.0;
majubersama,3.0;
oportunitas,3.0;
standardisasi,2.0;
trimakasih,4.0;
ustadz,3.0;
pandang,2.0;
ringan kepala,2.0;
karib,4.0;
fair,3.0;
asli,2.0;
simpat,4.0;
tulus,4.0;
otak encer,2.0;
perjuangin,3.0;
talen,2.0;
dede,1.0;
nabi,2.0;
kualifikasi,2.0;
intim,2.0;
peka,2.0;
awet,4.0;
budi pekerti,3.0;
sensitif,1.0;
manfaat,5.0;
harga,3.0;
congrats,3.0;
kapabilitas,3.0;
kekal,3.0;
akrab,3.0;
soleha,3.0;
get well soon,2.0;
girang,3.0;
nila,2.0;
cerdik,2.0;
seragam,1.0;
kucil,1.0;
segenap,2.0;
siap,2.0;
permata,3.0;
natal,1.0;
pati,3.0;
ngurusin,2.0;
show,2.0;
hijau,3.0;
tajam otak,4.0;
personalitas,1.0;
perata,2.0;
qadim,3.0;
fine,3.0;
selenggara,3.0;
tablig,1.0;
koordinator,2.0;
sumringah,4.0;
boleh,2.0;
santai,2.0;
riang,3.0;
diamond,3.0;
cool,2.0;
kerjasama,3.0;
moga,1.0;
hidang,2.0;
ratna,2.0;
taruh hati,3.0;
gombal,2.0;
imbuh,1.0;
genius,3.0;
naik,1.0;
taman,1.0;
music,1.0;
fitrah,3.0;
mata cahari,2.0;
kini,3.0;
pundi,2.0;
salam,3.0;
puji,4.0;
jenak,1.0;
sanjung,2.0;
lebun,3.0;
wadak,3.0;
lebuk,3.0;
dikara,3.0;
khalis,4.0;
faktitius,3.0;
stabilitas,4.0;
bapa,3.0;
tekan jiwa,4.0;
tempo tempo,3.0;
piuh,3.0;
anak sekolah,3.0;
promosi,3.0;
takyin,3.0;
ketapak,3.0;
kunci,3.0;
lancung,3.0;
ansar,4.0;
binen,3.0;
abid,3.0;
awak,5.0;
belukar,3.0;
sendeng,4.0;
komplet,3.0;
amerta,3.0;
analisis,4.0;
karyawan,3.0;
kondang,5.0;
kalong,3.0;
rias,3.0;
kecong,3.0;
dewana,3.0;
perwira,4.0;
tela,3.0;
sarap,3.0;
candrasa,3.0;
pegang kitab,4.0;
sufi,4.0;
letak,4.0;
digdaya,4.0;
kadang,3.0;
rentang,3.0;
formasi,3.0;
prawira,4.0;
kesohor,5.0;
mabrur,4.0;
harkat,5.0;
susur,3.0;
inayat,4.0;
bantah bantah,5.0;
kadar,5.0;
derau,3.0;
distribusi,3.0;
unggul,5.0;
mulut sungai,4.0;
wekel,4.0;
cantum,4.0;
harta,4.0;
sakelek,4.0;
elok,3.0;
fit,4.0;
widyaiswara,3.0;
paduka,4.0;
hikayat,3.0;
cendera,4.0;
ugahari,3.0;
sepatu,3.0;
kawak,5.0;
azamat,4.0;
angan,3.0;
sekah,3.0;
tundang,3.0;
bausuku,3.0;
perinci,3.0;
suai,3.0;
jala,3.0;
resam,3.0;
ahad,3.0;
martabat,4.0;
andur,3.0;
cermin,3.0;
lurus,4.0;
juak juak,5.0;
fantasi,3.0;
makhluk,3.0;
rana,4.0;
alun,3.0;
bubuh,4.0;
andil,4.0;
gatra,3.0;
petah lidah,4.0;
tengkuluk,3.0;
instingtif,3.0;
donatur,3.0;
jibilah,4.0;
pusaka,4.0;
perseptif,3.0;
otomatis,3.0;
preinan,3.0;
mangkak,3.0;
warok,3.0;
paket,4.0;
endut endut,3.0;
eksklusif,4.0;
runtut,3.0;
daun,4.0;
mata gawai,4.0;
hayo,4.0;
sinuhun,4.0;
longo,3.0;
sosialita,5.0;
hipotetis,3.0;
perai,3.0;
mampu,4.0;
fatamorgana,3.0;
ledos,3.0;
sungging,5.0;
spesialis,4.0;
refleks,3.0;
jenang,4.0;
dok,4.0;
dol,3.0;
metah,4.0;
malayari,3.0;
maimun,4.0;
datar,3.0;
gajak,4.0;
bakir,4.0;
kenduri,4.0;
delusi,3.0;
kelos,3.0;
telur,3.0;
preventif,4.0;
tongkat,3.0;
ekstremis,3.0;
sosialistis,3.0;
tungkak,4.0;
khusus,3.0;
perian,3.0;
sauk,3.0;
serentak,3.0;
panggul,4.0;
gubah,3.0;
bagak,5.0;
bagas,5.0;
angan angan,4.0;
takwa,4.0;
sali,3.0;
jreng,3.0;
figur,3.0;
oleh,3.0;
arif,3.0;
gebyar,4.0;
pionir,3.0;
penting,5.0;
napas,3.0;
trengginas,5.0;
pulut,3.0;
bangun,3.0;
jaya,4.0;
sintal,3.0;
stupa,4.0;
jantan,5.0;
jabar,3.0;
intuitif,3.0;
impulsif,3.0;
inferensi,3.0;
jasa,4.0;
sintetis,3.0;
ramanda,3.0;
intan,3.0;
takrif,3.0;
moratorium,3.0;
kira,-2.0;
benang,4.0;
servis,3.0;
reksa,3.0;
bugar,4.0;
silang dapat,3.0;
kakek,3.0;
gengsi,4.0;
karsa,3.0;
kesan,4.0;
kaisar,4.0;
catat,3.0;
bentuk,4.0;
rais,3.0;
atas,3.0;
studi,4.0;
fusi,4.0;
ibu,3.0;
moblong,3.0;
tulen,3.0;
lindu,4.0;
lantip,3.0;
daya tahan,5.0;
cucu adam,3.0;
pelesir,3.0;
sangkil,4.0;
daim,3.0;
riah,3.0;
kimah,5.0;
surat tanah,3.0;
kundang,5.0;
salim,4.0;
rimba,3.0;
estetik,4.0;
murid,3.0;
umi,4.0;
muktamar,4.0;
tanda tanda,4.0;
sunan,4.0;
tawarikh,3.0;
urai,3.0;
lampu,4.0;
efek,3.0;
rafi,3.0;
transendental,3.0;
jadah,3.0;
produk,3.0;
cedok,3.0;
animo,4.0;
suam suam kuku,4.0;
paya,4.0;
pantul,3.0;
panorama,3.0;
nama,4.0;
samseng,3.0;
talenta,4.0;
bangkit selera,3.0;
tasamuh,5.0;
ura ura,4.0;
khas,4.0;
pokta,5.0;
resep,3.0;
anggar anggar,3.0;
lestari,4.0;
emir,4.0;
siswa,3.0;
kontributor,3.0;
minat,4.0;
vista,3.0;
tepat,3.0;
mahdi,3.0;
contoh,4.0;
roh,4.0;
sarju,4.0;
anak sasian,3.0;
tuan,4.0;
bapang,3.0;
santer,4.0;
kohesi,4.0;
seraya,4.0;
jebak,3.0;
jelang,3.0;
wisma,3.0;
lambuk,3.0;
sumber,4.0;
kits,5.0;
nali,3.0;
konsultasi,3.0;
bakh,4.0;
ordo,3.0;
cekel,4.0;
orde,3.0;
tumpil,3.0;
direktur,3.0;
jiwa,3.0;
praktis,4.0;
santir,3.0;
pakai,4.0;
denda,3.0;
akil,4.0;
bos,3.0;
eka,3.0;
lakeri,3.0;
transparan,3.0;
prei,3.0;
pere,3.0;
sendat,4.0;
peri,3.0;
ulama,3.0;
aya,3.0;
pintas,3.0;
mikroanalisis,3.0;
nirmala,4.0;
kamil,3.0;
kanjang,4.0;
perdeo,4.0;
benak,3.0;
arketipe,3.0;
daya gabung,4.0;
vitalitas,3.0;
perlup,3.0;
primbon,4.0;
hampar,3.0;
mustajab,4.0;
kontemporer,3.0;
purusa,3.0;
kodrat,4.0;
karimah,4.0;
misbah,4.0;
girang lega,4.0;
nuftah,3.0;
inventivitas,4.0;
tentu,3.0;
cerap,3.0;
prima,4.0;
intelektual,3.0;
zaim,3.0;
preferensi,3.0;
gombroh,3.0;
pangus,5.0;
permanen,3.0;
benang raja,4.0;
prodeo,4.0;
eja,3.0;
sawala,3.0;
lampas,4.0;
sempena hati,4.0;
tiris,3.0;
gusti,4.0;
bianglala,4.0;
tating,3.0;
senandung,4.0;
prakarsa,3.0;
gembur,5.0;
kelilip,3.0;
semarak,3.0;
hasrat,3.0;
nanti,3.0;
terus,2.0;
simetris,3.0;
protektor,3.0;
patok,4.0;
ventura,3.0;
pegah,5.0;
sero,3.0;
polemik,3.0;
aras,4.0;
keluar darah,4.0;
widita,4.0;
kebaji,4.0;
sender,4.0;
cari akal,3.0;
fertil,4.0;
kusa,3.0;
bineka,3.0;
wantah,3.0;
ideal,3.0;
pinda,4.0;
samun,3.0;
mustaid,3.0;
solah,4.0;
puadai,4.0;
mullah,3.0;
aneka,3.0;
adakala,3.0;
dispensasi,3.0;
anggar,3.0;
sublim,3.0;
prominen,5.0;
disiplin,3.0;
kosen,4.0;
bilhak,3.0;
pestaka,4.0;
kincung,3.0;
cumil,4.0;
bekal,3.0;
sendel,4.0;
traktat,3.0;
terjemah,3.0;
pejatian,3.0;
infinit,3.0;
ambil contoh,4.0;
mekar,3.0;
klien,4.0;
sosial,4.0;
kempuh,5.0;
rupa,3.0;
radu,3.0;
alem,4.0;
sembuh,4.0;
ulur,3.0;
garda,3.0;
kincang,3.0;
keduduk,4.0;
cenangkas,3.0;
bingkas,3.0;
montok,3.0;
pop,5.0;
pola,3.0;
anak didik,3.0;
dekorasi,5.0;
status,4.0;
tumpah,3.0;
eneng,5.0;
tempuh hidup,3.0;
celengan,3.0;
hutan,3.0;
pacangan,3.0;
mukibat,3.0;
hilir,4.0;
populer,5.0;
ampuh,4.0;
lapang,3.0;
lintas rimba,3.0;
tanda jasa,4.0;
sami,3.0;
pas,3.0;
manila,5.0;
riil,4.0;
kreativitas,4.0;
ketuk,3.0;
rekognisi,5.0;
girang ceria,4.0;
pamor,3.0;
mulia,3.0;
khalas,3.0;
kaca,4.0;
asoi,3.0;
sportif,3.0;
guntang guntang,3.0;
damar,4.0;
momentum,3.0;
segar,4.0;
dodor,3.0;
klasik,3.0;
purna,3.0;
kumai,3.0;
federasi,3.0;
lunak,5.0;
debuk,3.0;
pajang,4.0;
ilusi,3.0;
fatanah,3.0;
kaki tangan,4.0;
gera,4.0;
tersem bunyi,5.0;
rumput,3.0;
simpleks,3.0;
nuri,3.0;
spesialisasi,3.0;
kalis,4.0;
seemak,3.0;
julat,3.0;
catu,4.0;
nyana,3.0;
cebak,3.0;
semara,4.0;
fadil,3.0;
punia,4.0;
kecambah,3.0;
tenaga,3.0;
tutuk,3.0;
tangsel,3.0;
damba,3.0;
romantis,4.0;
monopoli,3.0;
interpretasi,3.0;
sambung tangan,4.0;
ab,3.0;
wiladah,3.0;
sri paduka,4.0;
umat,3.0;
derma,3.0;
labiovelar,4.0;
langsung,3.0;
sregep,4.0;
gol,3.0;
rampuh,3.0;
kampanye,3.0;
putra,3.0;
sen,4.0;
drama ria,3.0;
deteksi,3.0;
ambisi,4.0;
tedas,3.0;
tepa salira,5.0;
ngira,3.0;
urus,2.0;
probabilitas,3.0;
vila,3.0;
degap,3.0;
mufaham,3.0;
tandas,3.0;
komplemen,5.0;
mahabah,4.0;
nafsu,3.0;
efisien,4.0;
gigi,3.0;
ulur tangan,4.0;
adun,3.0;
suasana,4.0;
sani,3.0;
cempiang,3.0;
kujarat,5.0;
zakelek,4.0;
margrit,3.0;
afdal,3.0;
foto,-2.0;
salah ketik,-3.0;
ketik,2.0;
tukar cincin,3.0;
betapa,4.0;
panas kuku,4.0;
distingtif,4.0;
jaswadi,3.0;
muara,4.0;
samad,3.0;
perhati,4.0;
suplemen,5.0;
dusin,4.0;
wisuda,3.0;
plong,3.0;
muai,3.0;
isi perut,3.0;
tahan lasak,4.0;
transaksi,3.0;
kreatif,4.0;
grahita,3.0;
kategori,4.0;
autentik,3.0;
wawancara,3.0;
dominasi,3.0;
mola,4.0;
anggap,3.0;
prabu,4.0;
bapanda,3.0;
rotan,4.0;
kudus,4.0;
derajat,4.0;
sukses,3.0;
indah ambang,4.0;
gombrong,3.0;
ya,4.0;
rani,4.0;
gombrang,3.0;
kaci,4.0;
lembuk,3.0;
antusiasme,3.0;
amanah,5.0;
energi,3.0;
cublik,4.0;
gembur lambuk,3.0;
positif,4.0;
sauh,4.0;
nyamleng,5.0;
saur,3.0;
pegawai,3.0;
tajam pikir,4.0;
garing,5.0;
manggala,3.0;
permadani,3.0;
kredibel,3.0;
guar,3.0;
gerak hati,4.0;
kipu,4.0;
bumbu,5.0;
sains,3.0;
nian,4.0;
kasatmata,4.0;
jamik,3.0;
hasil,3.0;
definisi,3.0;
afirmasi,3.0;
jamhur,3.0;
gres,4.0;
gerha,3.0;
alir darah,4.0;
dana,4.0;
tabung bambu,3.0;
kasual,3.0;
teja,4.0;
donor,3.0;
warna dadu,3.0;
akomodasi,3.0;
cegar,4.0;
bayang bayang,3.0;
tambat,3.0;
jawara,3.0;
rakit,3.0;
suara halus,4.0;
rawa,4.0;
ukur,3.0;
angkat angkat,4.0;
langgeng,4.0;
deduksi,3.0;
bestari,4.0;
ringan tulang,5.0;
prasarana,3.0;
wasiat,4.0;
bisnis,3.0;
tongkeng,5.0;
untir,4.0;
masakan,3.0;
sapih,4.0;
sinkronisasi,3.0;
jelajah,3.0;
cari jalan,3.0;
remas remas,3.0;
terala,3.0;
bulang,3.0;
prayojana,3.0;
duit,4.0;
limbuk,3.0;
individual,4.0;
terkadang,3.0;
linuhung,3.0;
seri,4.0;
infak,4.0;
maskapai,3.0;
ovum,4.0;
paradigma,3.0;
tempoh,3.0;
lentera,4.0;
kandis,4.0;
biduanda,5.0;
getas,5.0;
pelupuk mata,4.0;
taruk,3.0;
konsensus,3.0;
luncur,3.0;
anteng,4.0;
ulas,3.0;
anak adam,3.0;
integrasi,3.0;
pendekar,3.0;
perlu,5.0;
dikte,3.0;
beril,4.0;
spesifikasi,3.0;
lantun,3.0;
dakaik,3.0;
desain,4.0;
ceri,4.0;
simpatisan,3.0;
sembir,4.0;
ihsan,4.0;
tegas,3.0;
defensif,4.0;
selesa,3.0;
struktur,3.0;
ajudan,4.0;
wagu,4.0;
konon,3.0;
tabah,5.0;
gemi,3.0;
tenaga kerja,3.0;
ranum,5.0;
juru,3.0;
lektur,4.0;
betul,3.0;
semu,3.0;
rezeki,3.0;
trendi,3.0;
imaji,3.0;
bahaduri,4.0;
semringah,4.0;
wirid,4.0;
makruf,4.0;
lisan,3.0;
teraso,4.0;
intensi,3.0;
gutuk,4.0;
terkadang kadang,3.0;
gambir,3.0;
makna,4.0;
makbul,3.0;
jelak,3.0;
sebut,3.0;
tokcer,4.0;
serbaserbi,3.0;
bikin,3.0;
piawai,4.0;
nasabah,4.0;
segeh,3.0;
mahfum,4.0;
lini,4.0;
atom,3.0;
faal,4.0;
jenis jenis,3.0;
mustakim,4.0;
jumpa muka,3.0;
malim,3.0;
genial,4.0;
spontan,3.0;
selera,3.0;
jigrah,3.0;
bonyok,5.0;
tangkul,3.0;
kreasi,3.0;
kapasitas,3.0;
cipta,3.0;
hakimah,4.0;
kipas,3.0;
neces,4.0;
efektif,5.0;
gani,4.0;
hulubalang,3.0;
buyung,4.0;
lingkung,3.0;
kisas,3.0;
bumbung,3.0;
nomine,5.0;
bujang,4.0;
paham,3.0;
khuluk,3.0;
konklusi,3.0;
peringkat,4.0;
panglima,3.0;
legawa,4.0;
natur,3.0;
ajojing,3.0;
wibawa,3.0;
dagang,3.0;
pukal,3.0;
orientasi,3.0;
ilmu,4.0;
kontan,3.0;
sing,5.0;
langlang,4.0;
merger,3.0;
alih generasi,4.0;
megah,4.0;
pesam,4.0;
zakiah,4.0;
laju,4.0;
kompetensi,3.0;
adiluhung,3.0;
konseptual,3.0;
sentosa,5.0;
sebu,3.0;
raun,4.0;
musara,3.0;
riwayat,3.0;
gempa bumi,4.0;
jajak,3.0;
testimoni,3.0;
doyan,3.0;
salat,5.0;
otak tajam,4.0;
laras,3.0;
manusia,3.0;
panil,4.0;
pedoman,4.0;
kiat,3.0;
punya,4.0;
gilir,3.0;
administrator,3.0;
embel embel,5.0;
kedai susu,4.0;
kenyang,3.0;
heban,4.0;
mutakhir,4.0;
interes,4.0;
buai,3.0;
tenteram,4.0;
organisasi,3.0;
imitasi,3.0;
utara,3.0;
iktifak,4.0;
puja,4.0;
emong,3.0;
superior,4.0;
muktabar,3.0;
presiden,3.0;
pemair,3.0;
gudi,4.0;
prakira,3.0;
baru,4.0;
tiru,4.0;
gempa,4.0;
jangka,3.0;
bahadur,5.0;
bayangkara,3.0;
lajnah,3.0;
pakat,4.0;
kilan,3.0;
eksemplar,3.0;
artifisial,3.0;
unda,3.0;
model,3.0;
vak,3.0;
eco,5.0;
teoretis,3.0;
reaksioner,3.0;
ornamen,5.0;
belagu,4.0;
pengalasan,3.0;
telusur,3.0;
buat,3.0;
adika,5.0;
kadang kadang,3.0;
insinye,4.0;
tata tertib,3.0;
ruji,3.0;
pinisepuh,3.0;
lembik,5.0;
timba,4.0;
tabe,3.0;
lila,4.0;
terbit selera,3.0;
dadak,3.0;
serbasama,3.0;
paduka tuan,4.0;
kemudi,3.0;
gobek,3.0;
saruk,4.0;
varia,3.0;
itifak,4.0;
tiba,3.0;
rawi,3.0;
bimbit,3.0;
jidur,3.0;
impi,3.0;
prasetia,3.0;
belok,3.0;
martil,3.0;
konsolidasi,3.0;
kes,3.0;
konstruktif,3.0;
rama,3.0;
girik,3.0;
elektromotif,3.0;
panitia,3.0;
afair,3.0;
budiman,4.0;
gemirang,4.0;
tiang pancang,3.0;
otentik,3.0;
porsi,4.0;
dengar dapat,3.0;
tajali,3.0;
harmonisasi,3.0;
jiawang,5.0;
meri,3.0;
maut,4.0;
objektif,4.0;
level,4.0;
mapan,3.0;
muhibah,4.0;
bangga,3.0;
sepada,3.0;
kikir,4.0;
bantal,3.0;
daya cipta,4.0;
mandraguna,4.0;
sadu,3.0;
prigel,4.0;
perkolasi,3.0;
muwafakat,3.0;
inventif,4.0;
sulur,3.0;
abah,3.0;
kinte,3.0;
kedodoran,3.0;
kelelawar,3.0;
kicu,3.0;
kakap,4.0;
tabah hati,5.0;
eksplorasi,4.0;
realistis,4.0;
utas,4.0;
pagon,3.0;
kuala,4.0;
aktual,4.0;
merta,3.0;
bajik,4.0;
petes,4.0;
esa,3.0;
renovasi,4.0;
cendera mata,4.0;
tikar,3.0;
kanjeng sultan,4.0;
budak,4.0;
konformitas,4.0;
abadi,4.0;
takzim,3.0;
potensi,3.0;
proyeksi,3.0;
stamina,3.0;
idiosinkratis,4.0;
ahli,3.0;
pangkat,5.0;
semak semak,3.0;
pusat,3.0;
seia,3.0;
iler,3.0;
campur,5.0;
paheman,4.0;
cindur mata,4.0;
lapis,3.0;
paramarta,4.0;
watak,3.0;
yamtuan,4.0;
gapah,5.0;
religiositas,3.0;
vakansi,3.0;
spesial,4.0;
asrama,3.0;
orisinal,3.0;
elena,2.0;
dosen,1.0;
shuttle,1.0;
administrasi,1.0;
lppp,1.0;
gedung,1.0;
perpustakaan,2.0;
skl,1.0;
fakultas,1.0;
program studi,2.0;
prodi,1.0;
kaprodi,1.0;
departemen,1.0;
ptnbh,1.0;
penelitian,1.0;
rektor,1.0;
prestasi,1.0;
visi misi,2.0;
kalender akademik,2.0;
apps unnes,1.0;
akademik,1.0;
ukt,1.0;
kkn,1.0;
mbkm,1.0;
kampus merdeka,2.0;
msib,1.0;
kemahasiswaan,1.0;
sarjana,1.0;
pascasarjana,1.0;
magister,1.0;
doktor,1.0;
unnes,1.0;
